os,os_version,machine,processor,time,jj
Windows,10.0.22631,AMD64,"Intel64 Family 6 Model 140 Stepping 1, GenuineIntel",2024-08-04 15:58:32,
Windows,10.0.22631,AMD64,"Intel64 Family 6 Model 140 Stepping 1, GenuineIntel",2024-08-04 15:58:56,
Windows,10.0.22631,AMD64,"Intel64 Family 6 Model 140 Stepping 1, GenuineIntel",2024-08-04 15:59:15,k
Windows,10.0.22631,AMD64,"Intel64 Family 6 Model 140 Stepping 1, GenuineIntel",2024-08-04 16:00:36,k
Windows,10.0.22631,AMD64,"Intel64 Family 6 Model 140 Stepping 1, GenuineIntel",2024-08-04 16:00:39,k
Windows,10.0.22631,AMD64,"Intel64 Family 6 Model 140 Stepping 1, GenuineIntel",2024-08-04 16:06:36,k
Windows,10.0.22631,AMD64,"Intel64 Family 6 Model 140 Stepping 1, GenuineIntel",2024-08-04 16:06:52,k
Windows,10.0.22631,AMD64,"Intel64 Family 6 Model 140 Stepping 1, GenuineIntel",2024-08-04 16:07:10,k
Windows,10.0.22631,AMD64,"Intel64 Family 6 Model 140 Stepping 1, GenuineIntel",2024-08-04 16:31:49,k
Windows,10.0.22631,AMD64,"Intel64 Family 6 Model 140 Stepping 1, GenuineIntel",2024-08-04 16:31:59,k
Windows,10.0.22631,AMD64,"Intel64 Family 6 Model 140 Stepping 1, GenuineIntel",2024-08-04 16:32:09,k
Windows,10.0.22631,AMD64,"Intel64 Family 6 Model 140 Stepping 1, GenuineIntel",2024-08-04 16:32:19,k
Windows,10.0.22631,AMD64,"Intel64 Family 6 Model 140 Stepping 1, GenuineIntel",2024-08-04 16:32:29,k
Windows,10.0.22631,AMD64,"Intel64 Family 6 Model 140 Stepping 1, GenuineIntel",2024-08-04 16:46:25,k
Windows,10.0.22631,AMD64,"Intel64 Family 6 Model 140 Stepping 1, GenuineIntel",2024-08-04 16:46:36,k
Windows,10.0.22631,AMD64,"Intel64 Family 6 Model 140 Stepping 1, GenuineIntel",2024-08-04 16:46:46,k
Windows,10.0.22631,AMD64,"Intel64 Family 6 Model 140 Stepping 1, GenuineIntel",2024-08-04 16:46:56,k
Windows,10.0.22631,AMD64,"Intel64 Family 6 Model 140 Stepping 1, GenuineIntel",2024-08-04 16:47:06,k
Windows,10.0.22631,AMD64,"Intel64 Family 6 Model 140 Stepping 1, GenuineIntel",2024-08-04 16:47:16,k
Windows,10.0.22631,AMD64,"Intel64 Family 6 Model 140 Stepping 1, GenuineIntel",2024-08-04 16:47:26,k
Windows,10.0.22631,AMD64,"Intel64 Family 6 Model 140 Stepping 1, GenuineIntel",2024-08-04 16:47:36,k
Windows,10.0.22631,AMD64,"Intel64 Family 6 Model 140 Stepping 1, GenuineIntel",2024-08-04 16:47:46,k
Windows,10.0.22631,AMD64,"Intel64 Family 6 Model 140 Stepping 1, GenuineIntel",2024-08-04 16:47:56,k
Windows,10.0.22631,AMD64,"Intel64 Family 6 Model 140 Stepping 1, GenuineIntel",2024-08-04 16:48:06,k
Windows,10.0.22631,AMD64,"Intel64 Family 6 Model 140 Stepping 1, GenuineIntel",2024-08-04 16:48:16,k
Windows,10.0.22631,AMD64,"Intel64 Family 6 Model 140 Stepping 1, GenuineIntel",2024-08-04 16:48:26,k
Windows,10.0.22631,AMD64,"Intel64 Family 6 Model 140 Stepping 1, GenuineIntel",2024-08-04 16:48:36,k
Windows,10.0.22631,AMD64,"Intel64 Family 6 Model 140 Stepping 1, GenuineIntel",2024-08-04 17:05:09,k
Windows,10.0.22631,AMD64,"Intel64 Family 6 Model 140 Stepping 1, GenuineIntel",2024-08-04 17:05:19,k
Windows,10.0.22631,AMD64,"Intel64 Family 6 Model 140 Stepping 1, GenuineIntel",2024-08-04 17:05:29,k
Windows,10.0.22631,AMD64,"Intel64 Family 6 Model 140 Stepping 1, GenuineIntel",2024-08-04 17:05:39,k
Windows,10.0.22631,AMD64,"Intel64 Family 6 Model 140 Stepping 1, GenuineIntel",2024-08-04 17:05:49,k
Windows,10.0.22631,AMD64,"Intel64 Family 6 Model 140 Stepping 1, GenuineIntel",2024-08-04 17:06:13,k
Windows,10.0.22631,AMD64,"Intel64 Family 6 Model 140 Stepping 1, GenuineIntel",2024-08-04 17:06:23,k
Windows,10.0.22631,AMD64,"Intel64 Family 6 Model 140 Stepping 1, GenuineIntel",2024-08-04 17:06:33,k
Windows,10.0.22631,AMD64,"Intel64 Family 6 Model 140 Stepping 1, GenuineIntel",2024-08-04 17:06:43,k
Windows,10.0.22631,AMD64,"Intel64 Family 6 Model 140 Stepping 1, GenuineIntel",2024-08-04 17:08:05,k
Windows,10.0.22631,AMD64,"Intel64 Family 6 Model 140 Stepping 1, GenuineIntel",2024-08-04 17:08:15,k
Windows,10.0.22631,AMD64,"Intel64 Family 6 Model 140 Stepping 1, GenuineIntel",2024-08-04 17:08:25,k
Windows,10.0.22631,AMD64,"Intel64 Family 6 Model 140 Stepping 1, GenuineIntel",2024-08-04 17:08:35,k
Windows,10.0.22631,AMD64,"Intel64 Family 6 Model 140 Stepping 1, GenuineIntel",2024-08-04 17:08:45,k
Windows,10.0.22631,AMD64,"Intel64 Family 6 Model 140 Stepping 1, GenuineIntel",2024-08-04 17:08:55,k
Windows,10.0.22631,AMD64,"Intel64 Family 6 Model 140 Stepping 1, GenuineIntel",2024-08-04 17:09:05,k
Windows,10.0.22631,AMD64,"Intel64 Family 6 Model 140 Stepping 1, GenuineIntel",2024-08-04 17:25:03,k
Windows,10.0.22631,AMD64,"Intel64 Family 6 Model 140 Stepping 1, GenuineIntel",2024-08-04 17:25:13,k
Windows,10.0.22631,AMD64,"Intel64 Family 6 Model 140 Stepping 1, GenuineIntel",2024-08-04 17:25:23,k
Windows,10.0.22631,AMD64,"Intel64 Family 6 Model 140 Stepping 1, GenuineIntel",2024-08-04 17:25:33,k
Windows,10.0.22631,AMD64,"Intel64 Family 6 Model 140 Stepping 1, GenuineIntel",2024-08-04 17:25:43,k
Windows,10.0.22631,AMD64,"Intel64 Family 6 Model 140 Stepping 1, GenuineIntel",2024-08-04 17:25:53,k
Windows,10.0.22631,AMD64,"Intel64 Family 6 Model 140 Stepping 1, GenuineIntel",2024-08-04 17:26:03,k
Windows,10.0.22631,AMD64,"Intel64 Family 6 Model 140 Stepping 1, GenuineIntel",2024-08-04 17:26:13,k
Windows,10.0.22631,AMD64,"Intel64 Family 6 Model 140 Stepping 1, GenuineIntel",2024-08-04 17:26:23,k
Windows,10.0.22631,AMD64,"Intel64 Family 6 Model 140 Stepping 1, GenuineIntel",2024-08-04 17:26:33,k
Windows,10.0.22631,AMD64,"Intel64 Family 6 Model 140 Stepping 1, GenuineIntel",2024-08-04 17:26:44,k
Windows,10.0.22631,AMD64,"Intel64 Family 6 Model 140 Stepping 1, GenuineIntel",2024-08-04 17:26:54,k
Windows,10.0.22631,AMD64,"Intel64 Family 6 Model 140 Stepping 1, GenuineIntel",2024-08-04 17:27:04,k
Windows,10.0.22631,AMD64,"Intel64 Family 6 Model 140 Stepping 1, GenuineIntel",2024-08-04 17:27:14,k
Windows,10.0.22631,AMD64,"Intel64 Family 6 Model 140 Stepping 1, GenuineIntel",2024-08-04 17:27:24,k
Windows,10.0.22631,AMD64,"Intel64 Family 6 Model 140 Stepping 1, GenuineIntel",2024-08-04 17:27:34,k
Windows,10.0.22631,AMD64,"Intel64 Family 6 Model 140 Stepping 1, GenuineIntel",2024-08-04 17:27:44,k
Windows,10.0.22631,AMD64,"Intel64 Family 6 Model 140 Stepping 1, GenuineIntel",2024-08-04 17:27:54,k
Windows,10.0.22631,AMD64,"Intel64 Family 6 Model 140 Stepping 1, GenuineIntel",2024-08-04 17:28:04,k
Windows,10.0.22631,AMD64,"Intel64 Family 6 Model 140 Stepping 1, GenuineIntel",2024-08-04 17:28:14,k
Windows,10.0.22631,AMD64,"Intel64 Family 6 Model 140 Stepping 1, GenuineIntel",2024-08-04 17:28:24,k
Windows,10.0.22631,AMD64,"Intel64 Family 6 Model 140 Stepping 1, GenuineIntel",2024-08-04 17:28:34,k
Windows,10.0.22631,AMD64,"Intel64 Family 6 Model 140 Stepping 1, GenuineIntel",2024-08-04 17:28:44,k
Windows,10.0.22631,AMD64,"Intel64 Family 6 Model 140 Stepping 1, GenuineIntel",2024-08-04 17:28:54,k
Windows,10.0.22631,AMD64,"Intel64 Family 6 Model 140 Stepping 1, GenuineIntel",2024-08-04 17:29:04,k
Windows,10.0.22631,AMD64,"Intel64 Family 6 Model 140 Stepping 1, GenuineIntel",2024-08-04 17:29:14,k
Windows,10.0.22631,AMD64,"Intel64 Family 6 Model 140 Stepping 1, GenuineIntel",2024-08-04 17:29:24,k
Windows,10.0.22631,AMD64,"Intel64 Family 6 Model 140 Stepping 1, GenuineIntel",2024-08-04 17:29:34,k
Windows,10.0.22631,AMD64,"Intel64 Family 6 Model 140 Stepping 1, GenuineIntel",2024-08-04 17:29:44,k
Windows,10.0.22631,AMD64,"Intel64 Family 6 Model 140 Stepping 1, GenuineIntel",2024-08-04 17:29:44,k
Windows,10.0.22631,AMD64,"Intel64 Family 6 Model 140 Stepping 1, GenuineIntel",2024-08-04 17:29:54,k
Windows,10.0.22631,AMD64,"Intel64 Family 6 Model 140 Stepping 1, GenuineIntel",2024-08-04 17:29:54,k
Windows,10.0.22631,AMD64,"Intel64 Family 6 Model 140 Stepping 1, GenuineIntel",2024-08-04 17:30:04,k
Windows,10.0.22631,AMD64,"Intel64 Family 6 Model 140 Stepping 1, GenuineIntel",2024-08-04 17:30:04,k
Windows,10.0.22631,AMD64,"Intel64 Family 6 Model 140 Stepping 1, GenuineIntel",2024-08-04 17:30:14,k
Windows,10.0.22631,AMD64,"Intel64 Family 6 Model 140 Stepping 1, GenuineIntel",2024-08-04 17:30:14,k
Windows,10.0.22631,AMD64,"Intel64 Family 6 Model 140 Stepping 1, GenuineIntel",2024-08-04 17:30:24,k
Windows,10.0.22631,AMD64,"Intel64 Family 6 Model 140 Stepping 1, GenuineIntel",2024-08-04 17:30:24,k
Windows,10.0.22631,AMD64,"Intel64 Family 6 Model 140 Stepping 1, GenuineIntel",2024-08-04 17:30:34,k
Windows,10.0.22631,AMD64,"Intel64 Family 6 Model 140 Stepping 1, GenuineIntel",2024-08-04 17:30:34,k
Windows,10.0.22631,AMD64,"Intel64 Family 6 Model 140 Stepping 1, GenuineIntel",2024-08-04 17:30:44,k
Windows,10.0.22631,AMD64,"Intel64 Family 6 Model 140 Stepping 1, GenuineIntel",2024-08-04 17:30:44,k
Windows,10.0.22631,AMD64,"Intel64 Family 6 Model 140 Stepping 1, GenuineIntel",2024-08-04 17:30:54,k
Windows,10.0.22631,AMD64,"Intel64 Family 6 Model 140 Stepping 1, GenuineIntel",2024-08-04 17:30:54,k
Windows,10.0.22631,AMD64,"Intel64 Family 6 Model 140 Stepping 1, GenuineIntel",2024-08-04 17:31:04,k
Windows,10.0.22631,AMD64,"Intel64 Family 6 Model 140 Stepping 1, GenuineIntel",2024-08-04 17:31:04,k
Windows,10.0.22631,AMD64,"Intel64 Family 6 Model 140 Stepping 1, GenuineIntel",2024-08-04 17:31:14,k
Windows,10.0.22631,AMD64,"Intel64 Family 6 Model 140 Stepping 1, GenuineIntel",2024-08-04 17:31:14,k
Windows,10.0.22631,AMD64,"Intel64 Family 6 Model 140 Stepping 1, GenuineIntel",2024-08-04 17:31:24,k
Windows,10.0.22631,AMD64,"Intel64 Family 6 Model 140 Stepping 1, GenuineIntel",2024-08-04 17:31:24,k
Windows,10.0.22631,AMD64,"Intel64 Family 6 Model 140 Stepping 1, GenuineIntel",2024-08-04 17:31:34,k
Windows,10.0.22631,AMD64,"Intel64 Family 6 Model 140 Stepping 1, GenuineIntel",2024-08-04 17:31:34,k
Windows,10.0.22631,AMD64,"Intel64 Family 6 Model 140 Stepping 1, GenuineIntel",2024-08-04 17:31:44,k
Windows,10.0.22631,AMD64,"Intel64 Family 6 Model 140 Stepping 1, GenuineIntel",2024-08-04 17:31:44,k
Windows,10.0.22631,AMD64,"Intel64 Family 6 Model 140 Stepping 1, GenuineIntel",2024-08-04 17:43:12,k
Windows,10.0.22631,AMD64,"Intel64 Family 6 Model 140 Stepping 1, GenuineIntel",2024-08-04 18:03:13,k
Windows,10.0.22631,AMD64,"Intel64 Family 6 Model 140 Stepping 1, GenuineIntel",2024-08-04 18:03:23,k
Windows,10.0.22631,AMD64,"Intel64 Family 6 Model 140 Stepping 1, GenuineIntel",2024-08-04 18:03:33,k
Windows,10.0.22631,AMD64,"Intel64 Family 6 Model 140 Stepping 1, GenuineIntel",2024-08-04 18:03:43,k
Windows,10.0.22631,AMD64,"Intel64 Family 6 Model 140 Stepping 1, GenuineIntel",2024-08-04 18:03:53,k
Windows,10.0.22631,AMD64,"Intel64 Family 6 Model 140 Stepping 1, GenuineIntel",2024-08-04 18:04:03,k
Windows,10.0.22631,AMD64,"Intel64 Family 6 Model 140 Stepping 1, GenuineIntel",2024-08-04 18:04:13,k
Windows,10.0.22631,AMD64,"Intel64 Family 6 Model 140 Stepping 1, GenuineIntel",2024-08-04 18:04:23,k
Windows,10.0.22631,AMD64,"Intel64 Family 6 Model 140 Stepping 1, GenuineIntel",2024-08-04 18:04:33,k
Windows,10.0.22631,AMD64,"Intel64 Family 6 Model 140 Stepping 1, GenuineIntel",2024-08-04 18:04:43,k
Windows,10.0.22631,AMD64,"Intel64 Family 6 Model 140 Stepping 1, GenuineIntel",2024-08-04 18:05:05,k
Windows,10.0.22631,AMD64,"Intel64 Family 6 Model 140 Stepping 1, GenuineIntel",2024-08-04 18:05:16,k
Windows,10.0.22631,AMD64,"Intel64 Family 6 Model 140 Stepping 1, GenuineIntel",2024-08-04 18:05:26,k
Windows,10.0.22631,AMD64,"Intel64 Family 6 Model 140 Stepping 1, GenuineIntel",2024-08-04 18:29:42,k
Windows,10.0.22631,AMD64,"Intel64 Family 6 Model 140 Stepping 1, GenuineIntel",2024-08-04 18:29:52,k
Windows,10.0.22631,AMD64,"Intel64 Family 6 Model 140 Stepping 1, GenuineIntel",2024-08-04 18:30:02,k
Windows,10.0.22631,AMD64,"Intel64 Family 6 Model 140 Stepping 1, GenuineIntel",2024-08-04 18:30:12,k
Windows,10.0.22631,AMD64,"Intel64 Family 6 Model 140 Stepping 1, GenuineIntel",2024-08-04 18:30:22,k
Windows,10.0.22631,AMD64,"Intel64 Family 6 Model 140 Stepping 1, GenuineIntel",2024-08-04 18:30:32,k
Windows,10.0.22631,AMD64,"Intel64 Family 6 Model 140 Stepping 1, GenuineIntel",2024-08-04 18:30:42,k
Windows,10.0.22631,AMD64,"Intel64 Family 6 Model 140 Stepping 1, GenuineIntel",2024-08-04 18:30:52,k
Windows,10.0.22631,AMD64,"Intel64 Family 6 Model 140 Stepping 1, GenuineIntel",2024-08-04 18:31:02,k
Windows,10.0.22631,AMD64,"Intel64 Family 6 Model 140 Stepping 1, GenuineIntel",2024-08-04 18:31:12,k
Windows,10.0.22631,AMD64,"Intel64 Family 6 Model 140 Stepping 1, GenuineIntel",2024-08-04 18:31:22,k
Windows,10.0.22631,AMD64,"Intel64 Family 6 Model 140 Stepping 1, GenuineIntel",2024-08-04 18:31:32,k
Windows,10.0.22631,AMD64,"Intel64 Family 6 Model 140 Stepping 1, GenuineIntel",2024-08-04 18:31:42,k
Windows,10.0.22631,AMD64,"Intel64 Family 6 Model 140 Stepping 1, GenuineIntel",2024-08-04 18:31:52,k
Windows,10.0.22631,AMD64,"Intel64 Family 6 Model 140 Stepping 1, GenuineIntel",2024-08-04 18:32:02,k
Windows,10.0.22631,AMD64,"Intel64 Family 6 Model 140 Stepping 1, GenuineIntel",2024-08-04 18:32:12,k
Windows,10.0.22631,AMD64,"Intel64 Family 6 Model 140 Stepping 1, GenuineIntel",2024-08-04 18:32:22,k
Windows,10.0.22631,AMD64,"Intel64 Family 6 Model 140 Stepping 1, GenuineIntel",2024-08-04 18:32:32,k
Windows,10.0.22631,AMD64,"Intel64 Family 6 Model 140 Stepping 1, GenuineIntel",2024-08-04 18:32:42,k
Windows,10.0.22631,AMD64,"Intel64 Family 6 Model 140 Stepping 1, GenuineIntel",2024-08-04 18:32:52,k
Windows,10.0.22631,AMD64,"Intel64 Family 6 Model 140 Stepping 1, GenuineIntel",2024-08-04 18:33:02,k
Windows,10.0.22631,AMD64,"Intel64 Family 6 Model 140 Stepping 1, GenuineIntel",2024-08-04 18:33:12,k
Windows,10.0.22631,AMD64,"Intel64 Family 6 Model 140 Stepping 1, GenuineIntel",2024-08-04 18:33:22,k
Windows,10.0.22631,AMD64,"Intel64 Family 6 Model 140 Stepping 1, GenuineIntel",2024-08-04 18:33:32,k
Windows,10.0.22631,AMD64,"Intel64 Family 6 Model 140 Stepping 1, GenuineIntel",2024-08-04 18:33:42,k
Windows,10.0.22631,AMD64,"Intel64 Family 6 Model 140 Stepping 1, GenuineIntel",2024-08-04 18:33:53,k
Windows,10.0.22631,AMD64,"Intel64 Family 6 Model 140 Stepping 1, GenuineIntel",2024-08-04 18:34:03,k
Windows,10.0.22631,AMD64,"Intel64 Family 6 Model 140 Stepping 1, GenuineIntel",2024-08-04 18:34:13,k
Windows,10.0.22631,AMD64,"Intel64 Family 6 Model 140 Stepping 1, GenuineIntel",2024-08-04 18:34:23,k
Windows,10.0.22631,AMD64,"Intel64 Family 6 Model 140 Stepping 1, GenuineIntel",2024-08-04 18:34:33,k
Windows,10.0.22631,AMD64,"Intel64 Family 6 Model 140 Stepping 1, GenuineIntel",2024-08-04 18:34:43,k
Windows,10.0.22631,AMD64,"Intel64 Family 6 Model 140 Stepping 1, GenuineIntel",2024-08-04 18:34:53,k
Windows,10.0.22631,AMD64,"Intel64 Family 6 Model 140 Stepping 1, GenuineIntel",2024-08-04 18:35:03,k
Windows,10.0.22631,AMD64,"Intel64 Family 6 Model 140 Stepping 1, GenuineIntel",2024-08-04 18:35:13,k
Windows,10.0.22631,AMD64,"Intel64 Family 6 Model 140 Stepping 1, GenuineIntel",2024-08-04 18:35:23,k
Windows,10.0.22631,AMD64,"Intel64 Family 6 Model 140 Stepping 1, GenuineIntel",2024-08-04 18:35:33,k
Windows,10.0.22631,AMD64,"Intel64 Family 6 Model 140 Stepping 1, GenuineIntel",2024-08-04 18:35:43,k
Windows,10.0.22631,AMD64,"Intel64 Family 6 Model 140 Stepping 1, GenuineIntel",2024-08-04 18:35:53,k
Windows,10.0.22631,AMD64,"Intel64 Family 6 Model 140 Stepping 1, GenuineIntel",2024-08-04 18:36:03,k
Windows,10.0.22631,AMD64,"Intel64 Family 6 Model 140 Stepping 1, GenuineIntel",2024-08-04 18:36:13,k
Windows,10.0.22631,AMD64,"Intel64 Family 6 Model 140 Stepping 1, GenuineIntel",2024-08-04 18:36:23,k
Windows,10.0.22631,AMD64,"Intel64 Family 6 Model 140 Stepping 1, GenuineIntel",2024-08-04 18:36:33,k
Windows,10.0.22631,AMD64,"Intel64 Family 6 Model 140 Stepping 1, GenuineIntel",2024-08-04 18:36:43,k
Windows,10.0.22631,AMD64,"Intel64 Family 6 Model 140 Stepping 1, GenuineIntel",2024-08-04 18:36:53,k
Windows,10.0.22631,AMD64,"Intel64 Family 6 Model 140 Stepping 1, GenuineIntel",2024-08-04 18:37:03,k
Windows,10.0.22631,AMD64,"Intel64 Family 6 Model 140 Stepping 1, GenuineIntel",2024-08-04 18:37:13,k
Windows,10.0.22631,AMD64,"Intel64 Family 6 Model 140 Stepping 1, GenuineIntel",2024-08-04 18:37:23,k
Windows,10.0.22631,AMD64,"Intel64 Family 6 Model 140 Stepping 1, GenuineIntel",2024-08-04 18:37:33,k
Windows,10.0.22631,AMD64,"Intel64 Family 6 Model 140 Stepping 1, GenuineIntel",2024-08-04 18:37:43,k
Windows,10.0.22631,AMD64,"Intel64 Family 6 Model 140 Stepping 1, GenuineIntel",2024-08-04 18:37:53,k
Windows,10.0.22631,AMD64,"Intel64 Family 6 Model 140 Stepping 1, GenuineIntel",2024-08-04 18:38:03,k
Windows,10.0.22631,AMD64,"Intel64 Family 6 Model 140 Stepping 1, GenuineIntel",2024-08-04 18:47:42,k
Windows,10.0.22631,AMD64,"Intel64 Family 6 Model 140 Stepping 1, GenuineIntel",2024-08-04 18:47:52,k
Windows,10.0.22631,AMD64,"Intel64 Family 6 Model 140 Stepping 1, GenuineIntel",2024-08-04 18:48:02,k
Windows,10.0.22631,AMD64,"Intel64 Family 6 Model 140 Stepping 1, GenuineIntel",2024-08-04 18:49:38,k
Windows,10.0.22631,AMD64,"Intel64 Family 6 Model 140 Stepping 1, GenuineIntel",2024-08-04 18:49:48,k
Windows,10.0.22631,AMD64,"Intel64 Family 6 Model 140 Stepping 1, GenuineIntel",2024-08-04 18:49:58,k
Windows,10.0.22631,AMD64,"Intel64 Family 6 Model 140 Stepping 1, GenuineIntel",2024-08-04 18:53:37,k
Windows,10.0.22631,AMD64,"Intel64 Family 6 Model 140 Stepping 1, GenuineIntel",2024-08-04 18:53:47,k
Windows,10.0.22631,AMD64,"Intel64 Family 6 Model 140 Stepping 1, GenuineIntel",2024-08-04 18:54:21,k
Windows,10.0.22631,AMD64,"Intel64 Family 6 Model 140 Stepping 1, GenuineIntel",2024-08-04 18:54:31,k
Windows,10.0.22631,AMD64,"Intel64 Family 6 Model 140 Stepping 1, GenuineIntel",2024-08-04 18:56:11,k
Windows,10.0.22631,AMD64,"Intel64 Family 6 Model 140 Stepping 1, GenuineIntel",2024-08-04 18:56:22,k
Windows,10.0.22631,AMD64,"Intel64 Family 6 Model 140 Stepping 1, GenuineIntel",2024-08-04 18:56:32,k
Windows,10.0.22631,AMD64,"Intel64 Family 6 Model 140 Stepping 1, GenuineIntel",2024-08-04 18:56:42,k
Windows,10.0.22631,AMD64,"Intel64 Family 6 Model 140 Stepping 1, GenuineIntel",2024-08-04 18:56:52,k
Windows,10.0.22631,AMD64,"Intel64 Family 6 Model 140 Stepping 1, GenuineIntel",2024-08-04 18:57:02,k
Windows,10.0.22631,AMD64,"Intel64 Family 6 Model 140 Stepping 1, GenuineIntel",2024-08-04 18:57:12,k
Windows,10.0.22631,AMD64,"Intel64 Family 6 Model 140 Stepping 1, GenuineIntel",2024-08-04 18:57:22,k
Windows,10.0.22631,AMD64,"Intel64 Family 6 Model 140 Stepping 1, GenuineIntel",2024-08-04 18:57:32,k
Windows,10.0.22631,AMD64,"Intel64 Family 6 Model 140 Stepping 1, GenuineIntel",2024-08-04 18:57:42,k
Windows,10.0.22631,AMD64,"Intel64 Family 6 Model 140 Stepping 1, GenuineIntel",2024-08-04 18:57:52,k
Windows,10.0.22631,AMD64,"Intel64 Family 6 Model 140 Stepping 1, GenuineIntel",2024-08-04 18:58:02,k
Windows,10.0.22631,AMD64,"Intel64 Family 6 Model 140 Stepping 1, GenuineIntel",2024-08-04 18:58:12,k
Windows,10.0.22631,AMD64,"Intel64 Family 6 Model 140 Stepping 1, GenuineIntel",2024-08-04 18:58:22,k
Windows,10.0.22631,AMD64,"Intel64 Family 6 Model 140 Stepping 1, GenuineIntel",2024-08-04 18:58:32,k
Windows,10.0.22631,AMD64,"Intel64 Family 6 Model 140 Stepping 1, GenuineIntel",2024-08-04 18:58:43,k
Windows,10.0.22631,AMD64,"Intel64 Family 6 Model 140 Stepping 1, GenuineIntel",2024-08-04 18:58:53,k
Windows,10.0.22631,AMD64,"Intel64 Family 6 Model 140 Stepping 1, GenuineIntel",2024-08-04 18:59:03,k
Windows,10.0.22631,AMD64,"Intel64 Family 6 Model 140 Stepping 1, GenuineIntel",2024-08-04 18:59:13,k
Windows,10.0.22631,AMD64,"Intel64 Family 6 Model 140 Stepping 1, GenuineIntel",2024-08-04 18:59:23,k
Windows,10.0.22631,AMD64,"Intel64 Family 6 Model 140 Stepping 1, GenuineIntel",2024-08-04 18:59:33,k
Windows,10.0.22631,AMD64,"Intel64 Family 6 Model 140 Stepping 1, GenuineIntel",2024-08-04 18:59:43,k
Windows,10.0.22631,AMD64,"Intel64 Family 6 Model 140 Stepping 1, GenuineIntel",2024-08-04 18:59:53,k
Windows,10.0.22631,AMD64,"Intel64 Family 6 Model 140 Stepping 1, GenuineIntel",2024-08-04 19:00:03,k
Windows,10.0.22631,AMD64,"Intel64 Family 6 Model 140 Stepping 1, GenuineIntel",2024-08-04 19:00:13,k
Windows,10.0.22631,AMD64,"Intel64 Family 6 Model 140 Stepping 1, GenuineIntel",2024-08-04 19:00:23,k
Windows,10.0.22631,AMD64,"Intel64 Family 6 Model 140 Stepping 1, GenuineIntel",2024-08-04 19:00:33,k
Windows,10.0.22631,AMD64,"Intel64 Family 6 Model 140 Stepping 1, GenuineIntel",2024-08-04 19:00:43,k
Windows,10.0.22631,AMD64,"Intel64 Family 6 Model 140 Stepping 1, GenuineIntel",2024-08-04 19:00:54,k
Windows,10.0.22631,AMD64,"Intel64 Family 6 Model 140 Stepping 1, GenuineIntel",2024-08-04 19:01:04,k
Windows,10.0.22631,AMD64,"Intel64 Family 6 Model 140 Stepping 1, GenuineIntel",2024-08-04 19:01:14,k
Windows,10.0.22631,AMD64,"Intel64 Family 6 Model 140 Stepping 1, GenuineIntel",2024-08-04 19:01:24,k
Windows,10.0.22631,AMD64,"Intel64 Family 6 Model 140 Stepping 1, GenuineIntel",2024-08-04 19:01:34,k
Windows,10.0.22631,AMD64,"Intel64 Family 6 Model 140 Stepping 1, GenuineIntel",2024-08-04 19:01:44,k
Windows,10.0.22631,AMD64,"Intel64 Family 6 Model 140 Stepping 1, GenuineIntel",2024-08-04 19:01:54,k
Windows,10.0.22631,AMD64,"Intel64 Family 6 Model 140 Stepping 1, GenuineIntel",2024-08-04 19:02:04,k
Windows,10.0.22631,AMD64,"Intel64 Family 6 Model 140 Stepping 1, GenuineIntel",2024-08-04 19:09:59,k
Windows,10.0.22631,AMD64,"Intel64 Family 6 Model 140 Stepping 1, GenuineIntel",2024-08-04 19:10:09,k
Windows,10.0.22631,AMD64,"Intel64 Family 6 Model 140 Stepping 1, GenuineIntel",2024-08-04 19:10:19,k
Windows,10.0.22631,AMD64,"Intel64 Family 6 Model 140 Stepping 1, GenuineIntel",2024-08-04 19:13:36,k
Windows,10.0.22631,AMD64,"Intel64 Family 6 Model 140 Stepping 1, GenuineIntel",2024-08-04 19:13:46,k
Windows,10.0.22631,AMD64,"Intel64 Family 6 Model 140 Stepping 1, GenuineIntel",2024-08-04 19:13:56,k
Windows,10.0.22631,AMD64,"Intel64 Family 6 Model 140 Stepping 1, GenuineIntel",2024-08-04 19:14:06,k
Windows,10.0.22631,AMD64,"Intel64 Family 6 Model 140 Stepping 1, GenuineIntel",2024-08-04 19:14:16,k
Windows,10.0.22631,AMD64,"Intel64 Family 6 Model 140 Stepping 1, GenuineIntel",2024-08-04 19:14:26,k
Windows,10.0.22631,AMD64,"Intel64 Family 6 Model 140 Stepping 1, GenuineIntel",2024-08-04 19:14:36,k
Windows,10.0.22631,AMD64,"Intel64 Family 6 Model 140 Stepping 1, GenuineIntel",2024-08-04 19:14:46,k
Windows,10.0.22631,AMD64,"Intel64 Family 6 Model 140 Stepping 1, GenuineIntel",2024-08-04 19:14:56,k
Windows,10.0.22631,AMD64,"Intel64 Family 6 Model 140 Stepping 1, GenuineIntel",2024-08-04 19:15:06,k
Windows,10.0.22631,AMD64,"Intel64 Family 6 Model 140 Stepping 1, GenuineIntel",2024-08-04 19:15:16,k
Windows,10.0.22631,AMD64,"Intel64 Family 6 Model 140 Stepping 1, GenuineIntel",2024-08-04 19:15:26,k
Windows,10.0.22631,AMD64,"Intel64 Family 6 Model 140 Stepping 1, GenuineIntel",2024-08-04 19:15:32,k
Windows,10.0.22631,AMD64,"Intel64 Family 6 Model 140 Stepping 1, GenuineIntel",2024-08-04 19:15:36,k
Windows,10.0.22631,AMD64,"Intel64 Family 6 Model 140 Stepping 1, GenuineIntel",2024-08-04 19:15:42,k
Windows,10.0.22631,AMD64,"Intel64 Family 6 Model 140 Stepping 1, GenuineIntel",2024-08-04 19:15:46,k
Windows,10.0.22631,AMD64,"Intel64 Family 6 Model 140 Stepping 1, GenuineIntel",2024-08-04 19:15:52,k
Windows,10.0.22631,AMD64,"Intel64 Family 6 Model 140 Stepping 1, GenuineIntel",2024-08-04 19:15:56,k
Windows,10.0.22631,AMD64,"Intel64 Family 6 Model 140 Stepping 1, GenuineIntel",2024-08-04 19:16:02,k
Windows,10.0.22631,AMD64,"Intel64 Family 6 Model 140 Stepping 1, GenuineIntel",2024-08-04 19:16:06,k
Windows,10.0.22631,AMD64,"Intel64 Family 6 Model 140 Stepping 1, GenuineIntel",2024-08-04 19:16:12,k
Windows,10.0.22631,AMD64,"Intel64 Family 6 Model 140 Stepping 1, GenuineIntel",2024-08-04 19:16:16,k
Windows,10.0.22631,AMD64,"Intel64 Family 6 Model 140 Stepping 1, GenuineIntel",2024-08-04 19:16:22,k
Windows,10.0.22631,AMD64,"Intel64 Family 6 Model 140 Stepping 1, GenuineIntel",2024-08-04 19:16:26,k
Windows,10.0.22631,AMD64,"Intel64 Family 6 Model 140 Stepping 1, GenuineIntel",2024-08-04 19:16:32,k
Windows,10.0.22631,AMD64,"Intel64 Family 6 Model 140 Stepping 1, GenuineIntel",2024-08-04 19:16:36,k
Windows,10.0.22631,AMD64,"Intel64 Family 6 Model 140 Stepping 1, GenuineIntel",2024-08-04 19:16:42,k
Windows,10.0.22631,AMD64,"Intel64 Family 6 Model 140 Stepping 1, GenuineIntel",2024-08-04 19:16:46,k
Windows,10.0.22631,AMD64,"Intel64 Family 6 Model 140 Stepping 1, GenuineIntel",2024-08-04 19:16:52,k
Windows,10.0.22631,AMD64,"Intel64 Family 6 Model 140 Stepping 1, GenuineIntel",2024-08-04 19:16:56,k
Windows,10.0.22631,AMD64,"Intel64 Family 6 Model 140 Stepping 1, GenuineIntel",2024-08-04 19:17:02,k
Windows,10.0.22631,AMD64,"Intel64 Family 6 Model 140 Stepping 1, GenuineIntel",2024-08-04 19:17:06,k
Windows,10.0.22631,AMD64,"Intel64 Family 6 Model 140 Stepping 1, GenuineIntel",2024-08-04 19:17:06,k
Windows,10.0.22631,AMD64,"Intel64 Family 6 Model 140 Stepping 1, GenuineIntel",2024-08-04 19:17:12,k
Windows,10.0.22631,AMD64,"Intel64 Family 6 Model 140 Stepping 1, GenuineIntel",2024-08-04 19:17:16,k
Windows,10.0.22631,AMD64,"Intel64 Family 6 Model 140 Stepping 1, GenuineIntel",2024-08-04 19:17:16,k
Windows,10.0.22631,AMD64,"Intel64 Family 6 Model 140 Stepping 1, GenuineIntel",2024-08-04 19:17:22,k
Windows,10.0.22631,AMD64,"Intel64 Family 6 Model 140 Stepping 1, GenuineIntel",2024-08-04 19:17:26,k
Windows,10.0.22631,AMD64,"Intel64 Family 6 Model 140 Stepping 1, GenuineIntel",2024-08-04 19:17:26,k
Windows,10.0.22631,AMD64,"Intel64 Family 6 Model 140 Stepping 1, GenuineIntel",2024-08-04 19:17:32,k
Windows,10.0.22631,AMD64,"Intel64 Family 6 Model 140 Stepping 1, GenuineIntel",2024-08-04 19:17:36,k
Windows,10.0.22631,AMD64,"Intel64 Family 6 Model 140 Stepping 1, GenuineIntel",2024-08-04 19:17:37,k
Windows,10.0.22631,AMD64,"Intel64 Family 6 Model 140 Stepping 1, GenuineIntel",2024-08-04 19:17:42,k
Windows,10.0.22631,AMD64,"Intel64 Family 6 Model 140 Stepping 1, GenuineIntel",2024-08-04 19:17:46,k
Windows,10.0.22631,AMD64,"Intel64 Family 6 Model 140 Stepping 1, GenuineIntel",2024-08-04 19:17:47,k
Windows,10.0.22631,AMD64,"Intel64 Family 6 Model 140 Stepping 1, GenuineIntel",2024-08-04 19:17:53,k
Windows,10.0.22631,AMD64,"Intel64 Family 6 Model 140 Stepping 1, GenuineIntel",2024-08-04 19:17:56,k
Windows,10.0.22631,AMD64,"Intel64 Family 6 Model 140 Stepping 1, GenuineIntel",2024-08-04 19:17:57,k
Windows,10.0.22631,AMD64,"Intel64 Family 6 Model 140 Stepping 1, GenuineIntel",2024-08-04 19:18:03,k
Windows,10.0.22631,AMD64,"Intel64 Family 6 Model 140 Stepping 1, GenuineIntel",2024-08-04 19:18:07,k
Windows,10.0.22631,AMD64,"Intel64 Family 6 Model 140 Stepping 1, GenuineIntel",2024-08-04 19:18:07,k
Windows,10.0.22631,AMD64,"Intel64 Family 6 Model 140 Stepping 1, GenuineIntel",2024-08-04 19:18:13,k
Windows,10.0.22631,AMD64,"Intel64 Family 6 Model 140 Stepping 1, GenuineIntel",2024-08-04 19:18:17,k
Windows,10.0.22631,AMD64,"Intel64 Family 6 Model 140 Stepping 1, GenuineIntel",2024-08-04 19:18:17,k
Windows,10.0.22631,AMD64,"Intel64 Family 6 Model 140 Stepping 1, GenuineIntel",2024-08-04 19:18:23,k
Windows,10.0.22631,AMD64,"Intel64 Family 6 Model 140 Stepping 1, GenuineIntel",2024-08-04 19:18:27,k
Windows,10.0.22631,AMD64,"Intel64 Family 6 Model 140 Stepping 1, GenuineIntel",2024-08-04 19:18:27,k
Windows,10.0.22631,AMD64,"Intel64 Family 6 Model 140 Stepping 1, GenuineIntel",2024-08-04 19:18:33,k
Windows,10.0.22631,AMD64,"Intel64 Family 6 Model 140 Stepping 1, GenuineIntel",2024-08-04 19:18:37,k
Windows,10.0.22631,AMD64,"Intel64 Family 6 Model 140 Stepping 1, GenuineIntel",2024-08-04 19:18:37,k
Windows,10.0.22631,AMD64,"Intel64 Family 6 Model 140 Stepping 1, GenuineIntel",2024-08-04 19:18:43,k
Windows,10.0.22631,AMD64,"Intel64 Family 6 Model 140 Stepping 1, GenuineIntel",2024-08-04 19:18:47,k
Windows,10.0.22631,AMD64,"Intel64 Family 6 Model 140 Stepping 1, GenuineIntel",2024-08-04 19:18:47,k
Windows,10.0.22631,AMD64,"Intel64 Family 6 Model 140 Stepping 1, GenuineIntel",2024-08-04 19:18:53,k
Windows,10.0.22631,AMD64,"Intel64 Family 6 Model 140 Stepping 1, GenuineIntel",2024-08-04 19:18:57,k
Windows,10.0.22631,AMD64,"Intel64 Family 6 Model 140 Stepping 1, GenuineIntel",2024-08-04 19:18:57,k
Windows,10.0.22631,AMD64,"Intel64 Family 6 Model 140 Stepping 1, GenuineIntel",2024-08-04 19:19:03,k
Windows,10.0.22631,AMD64,"Intel64 Family 6 Model 140 Stepping 1, GenuineIntel",2024-08-04 19:19:07,k
Windows,10.0.22631,AMD64,"Intel64 Family 6 Model 140 Stepping 1, GenuineIntel",2024-08-04 19:19:07,k
Windows,10.0.22631,AMD64,"Intel64 Family 6 Model 140 Stepping 1, GenuineIntel",2024-08-04 19:19:13,k
Windows,10.0.22631,AMD64,"Intel64 Family 6 Model 140 Stepping 1, GenuineIntel",2024-08-04 19:19:17,k
Windows,10.0.22631,AMD64,"Intel64 Family 6 Model 140 Stepping 1, GenuineIntel",2024-08-04 19:19:17,k
Windows,10.0.22631,AMD64,"Intel64 Family 6 Model 140 Stepping 1, GenuineIntel",2024-08-04 19:19:23,k
Windows,10.0.22631,AMD64,"Intel64 Family 6 Model 140 Stepping 1, GenuineIntel",2024-08-04 19:19:27,k
Windows,10.0.22631,AMD64,"Intel64 Family 6 Model 140 Stepping 1, GenuineIntel",2024-08-04 19:19:27,k
Windows,10.0.22631,AMD64,"Intel64 Family 6 Model 140 Stepping 1, GenuineIntel",2024-08-04 19:19:33,k
Windows,10.0.22631,AMD64,"Intel64 Family 6 Model 140 Stepping 1, GenuineIntel",2024-08-04 19:19:37,k
Windows,10.0.22631,AMD64,"Intel64 Family 6 Model 140 Stepping 1, GenuineIntel",2024-08-04 19:19:37,k
Windows,10.0.22631,AMD64,"Intel64 Family 6 Model 140 Stepping 1, GenuineIntel",2024-08-04 19:19:43,k
Windows,10.0.22631,AMD64,"Intel64 Family 6 Model 140 Stepping 1, GenuineIntel",2024-08-04 19:19:47,k
Windows,10.0.22631,AMD64,"Intel64 Family 6 Model 140 Stepping 1, GenuineIntel",2024-08-04 19:19:47,k
Windows,10.0.22631,AMD64,"Intel64 Family 6 Model 140 Stepping 1, GenuineIntel",2024-08-04 19:19:53,k
Windows,10.0.22631,AMD64,"Intel64 Family 6 Model 140 Stepping 1, GenuineIntel",2024-08-04 19:19:57,k
Windows,10.0.22631,AMD64,"Intel64 Family 6 Model 140 Stepping 1, GenuineIntel",2024-08-04 19:19:57,k
Windows,10.0.22631,AMD64,"Intel64 Family 6 Model 140 Stepping 1, GenuineIntel",2024-08-04 19:20:03,k
Windows,10.0.22631,AMD64,"Intel64 Family 6 Model 140 Stepping 1, GenuineIntel",2024-08-04 19:20:07,k
Windows,10.0.22631,AMD64,"Intel64 Family 6 Model 140 Stepping 1, GenuineIntel",2024-08-04 19:20:07,k
Windows,10.0.22631,AMD64,"Intel64 Family 6 Model 140 Stepping 1, GenuineIntel",2024-08-04 19:20:13,k
Windows,10.0.22631,AMD64,"Intel64 Family 6 Model 140 Stepping 1, GenuineIntel",2024-08-04 19:20:17,k
Windows,10.0.22631,AMD64,"Intel64 Family 6 Model 140 Stepping 1, GenuineIntel",2024-08-04 19:20:17,k
Windows,10.0.22631,AMD64,"Intel64 Family 6 Model 140 Stepping 1, GenuineIntel",2024-08-04 19:20:23,k
Windows,10.0.22631,AMD64,"Intel64 Family 6 Model 140 Stepping 1, GenuineIntel",2024-08-04 19:20:27,k
Windows,10.0.22631,AMD64,"Intel64 Family 6 Model 140 Stepping 1, GenuineIntel",2024-08-04 19:20:27,k
Windows,10.0.22631,AMD64,"Intel64 Family 6 Model 140 Stepping 1, GenuineIntel",2024-08-04 19:20:33,k
Windows,10.0.22631,AMD64,"Intel64 Family 6 Model 140 Stepping 1, GenuineIntel",2024-08-04 19:20:37,k
Windows,10.0.22631,AMD64,"Intel64 Family 6 Model 140 Stepping 1, GenuineIntel",2024-08-04 19:20:37,k
Windows,10.0.22631,AMD64,"Intel64 Family 6 Model 140 Stepping 1, GenuineIntel",2024-08-04 19:20:43,k
Windows,10.0.22631,AMD64,"Intel64 Family 6 Model 140 Stepping 1, GenuineIntel",2024-08-04 19:20:47,k
Windows,10.0.22631,AMD64,"Intel64 Family 6 Model 140 Stepping 1, GenuineIntel",2024-08-04 19:20:47,k
Windows,10.0.22631,AMD64,"Intel64 Family 6 Model 140 Stepping 1, GenuineIntel",2024-08-04 19:20:53,k
Windows,10.0.22631,AMD64,"Intel64 Family 6 Model 140 Stepping 1, GenuineIntel",2024-08-04 19:20:57,k
Windows,10.0.22631,AMD64,"Intel64 Family 6 Model 140 Stepping 1, GenuineIntel",2024-08-04 19:20:57,k
Windows,10.0.22631,AMD64,"Intel64 Family 6 Model 140 Stepping 1, GenuineIntel",2024-08-04 19:21:03,k
Windows,10.0.22631,AMD64,"Intel64 Family 6 Model 140 Stepping 1, GenuineIntel",2024-08-04 19:21:07,k
Windows,10.0.22631,AMD64,"Intel64 Family 6 Model 140 Stepping 1, GenuineIntel",2024-08-04 19:21:08,k
Windows,10.0.22631,AMD64,"Intel64 Family 6 Model 140 Stepping 1, GenuineIntel",2024-08-04 19:21:13,k
Windows,10.0.22631,AMD64,"Intel64 Family 6 Model 140 Stepping 1, GenuineIntel",2024-08-04 19:21:17,k
Windows,10.0.22631,AMD64,"Intel64 Family 6 Model 140 Stepping 1, GenuineIntel",2024-08-04 19:21:18,k
Windows,10.0.22631,AMD64,"Intel64 Family 6 Model 140 Stepping 1, GenuineIntel",2024-08-04 19:21:23,k
Windows,10.0.22631,AMD64,"Intel64 Family 6 Model 140 Stepping 1, GenuineIntel",2024-08-04 19:21:27,k
Windows,10.0.22631,AMD64,"Intel64 Family 6 Model 140 Stepping 1, GenuineIntel",2024-08-04 19:21:28,k
Windows,10.0.22631,AMD64,"Intel64 Family 6 Model 140 Stepping 1, GenuineIntel",2024-08-04 19:21:34,k
Windows,10.0.22631,AMD64,"Intel64 Family 6 Model 140 Stepping 1, GenuineIntel",2024-08-04 19:21:38,k
Windows,10.0.22631,AMD64,"Intel64 Family 6 Model 140 Stepping 1, GenuineIntel",2024-08-04 19:21:38,k
Windows,10.0.22631,AMD64,"Intel64 Family 6 Model 140 Stepping 1, GenuineIntel",2024-08-04 19:21:44,k
Windows,10.0.22631,AMD64,"Intel64 Family 6 Model 140 Stepping 1, GenuineIntel",2024-08-04 19:21:48,k
Windows,10.0.22631,AMD64,"Intel64 Family 6 Model 140 Stepping 1, GenuineIntel",2024-08-04 19:21:48,k
Windows,10.0.22631,AMD64,"Intel64 Family 6 Model 140 Stepping 1, GenuineIntel",2024-08-04 19:21:54,k
Windows,10.0.22631,AMD64,"Intel64 Family 6 Model 140 Stepping 1, GenuineIntel",2024-08-04 19:21:58,k
Windows,10.0.22631,AMD64,"Intel64 Family 6 Model 140 Stepping 1, GenuineIntel",2024-08-04 19:21:58,k
Windows,10.0.22631,AMD64,"Intel64 Family 6 Model 140 Stepping 1, GenuineIntel",2024-08-04 19:22:04,k
Windows,10.0.22631,AMD64,"Intel64 Family 6 Model 140 Stepping 1, GenuineIntel",2024-08-04 19:22:08,k
Windows,10.0.22631,AMD64,"Intel64 Family 6 Model 140 Stepping 1, GenuineIntel",2024-08-04 19:22:08,k
Windows,10.0.22631,AMD64,"Intel64 Family 6 Model 140 Stepping 1, GenuineIntel",2024-08-04 19:22:14,k
Windows,10.0.22631,AMD64,"Intel64 Family 6 Model 140 Stepping 1, GenuineIntel",2024-08-04 19:22:18,k
Windows,10.0.22631,AMD64,"Intel64 Family 6 Model 140 Stepping 1, GenuineIntel",2024-08-04 19:22:18,k
Windows,10.0.22631,AMD64,"Intel64 Family 6 Model 140 Stepping 1, GenuineIntel",2024-08-04 19:22:24,k
Windows,10.0.22631,AMD64,"Intel64 Family 6 Model 140 Stepping 1, GenuineIntel",2024-08-04 19:22:28,k
Windows,10.0.22631,AMD64,"Intel64 Family 6 Model 140 Stepping 1, GenuineIntel",2024-08-04 19:22:28,k
Windows,10.0.22631,AMD64,"Intel64 Family 6 Model 140 Stepping 1, GenuineIntel",2024-08-04 19:22:34,k
Windows,10.0.22631,AMD64,"Intel64 Family 6 Model 140 Stepping 1, GenuineIntel",2024-08-04 19:22:38,k
Windows,10.0.22631,AMD64,"Intel64 Family 6 Model 140 Stepping 1, GenuineIntel",2024-08-04 19:22:38,k
Windows,10.0.22631,AMD64,"Intel64 Family 6 Model 140 Stepping 1, GenuineIntel",2024-08-04 19:22:44,k
Windows,10.0.22631,AMD64,"Intel64 Family 6 Model 140 Stepping 1, GenuineIntel",2024-08-04 19:22:48,k
Windows,10.0.22631,AMD64,"Intel64 Family 6 Model 140 Stepping 1, GenuineIntel",2024-08-04 19:22:48,k
Windows,10.0.22631,AMD64,"Intel64 Family 6 Model 140 Stepping 1, GenuineIntel",2024-08-04 19:22:54,k
Windows,10.0.22631,AMD64,"Intel64 Family 6 Model 140 Stepping 1, GenuineIntel",2024-08-04 19:22:58,k
Windows,10.0.22631,AMD64,"Intel64 Family 6 Model 140 Stepping 1, GenuineIntel",2024-08-04 19:22:58,k
Windows,10.0.22631,AMD64,"Intel64 Family 6 Model 140 Stepping 1, GenuineIntel",2024-08-04 19:23:04,k
Windows,10.0.22631,AMD64,"Intel64 Family 6 Model 140 Stepping 1, GenuineIntel",2024-08-04 19:23:08,k
Windows,10.0.22631,AMD64,"Intel64 Family 6 Model 140 Stepping 1, GenuineIntel",2024-08-04 19:23:08,k
Windows,10.0.22631,AMD64,"Intel64 Family 6 Model 140 Stepping 1, GenuineIntel",2024-08-04 19:23:14,k
Windows,10.0.22631,AMD64,"Intel64 Family 6 Model 140 Stepping 1, GenuineIntel",2024-08-04 19:23:18,k
Windows,10.0.22631,AMD64,"Intel64 Family 6 Model 140 Stepping 1, GenuineIntel",2024-08-04 19:23:18,k
Windows,10.0.22631,AMD64,"Intel64 Family 6 Model 140 Stepping 1, GenuineIntel",2024-08-04 19:23:24,k
Windows,10.0.22631,AMD64,"Intel64 Family 6 Model 140 Stepping 1, GenuineIntel",2024-08-04 19:23:28,k
Windows,10.0.22631,AMD64,"Intel64 Family 6 Model 140 Stepping 1, GenuineIntel",2024-08-04 19:23:28,k
Windows,10.0.22631,AMD64,"Intel64 Family 6 Model 140 Stepping 1, GenuineIntel",2024-08-04 19:23:34,k
Windows,10.0.22631,AMD64,"Intel64 Family 6 Model 140 Stepping 1, GenuineIntel",2024-08-04 19:23:38,k
Windows,10.0.22631,AMD64,"Intel64 Family 6 Model 140 Stepping 1, GenuineIntel",2024-08-04 19:23:38,k
Windows,10.0.22631,AMD64,"Intel64 Family 6 Model 140 Stepping 1, GenuineIntel",2024-08-04 19:23:44,k
Windows,10.0.22631,AMD64,"Intel64 Family 6 Model 140 Stepping 1, GenuineIntel",2024-08-04 19:23:48,k
Windows,10.0.22631,AMD64,"Intel64 Family 6 Model 140 Stepping 1, GenuineIntel",2024-08-04 19:23:48,k
Windows,10.0.22631,AMD64,"Intel64 Family 6 Model 140 Stepping 1, GenuineIntel",2024-08-04 19:23:54,k
Windows,10.0.22631,AMD64,"Intel64 Family 6 Model 140 Stepping 1, GenuineIntel",2024-08-04 19:23:58,k
Windows,10.0.22631,AMD64,"Intel64 Family 6 Model 140 Stepping 1, GenuineIntel",2024-08-04 19:23:58,k
Windows,10.0.22631,AMD64,"Intel64 Family 6 Model 140 Stepping 1, GenuineIntel",2024-08-04 19:24:04,k
Windows,10.0.22631,AMD64,"Intel64 Family 6 Model 140 Stepping 1, GenuineIntel",2024-08-04 19:24:08,k
Windows,10.0.22631,AMD64,"Intel64 Family 6 Model 140 Stepping 1, GenuineIntel",2024-08-04 19:24:08,k
Windows,10.0.22631,AMD64,"Intel64 Family 6 Model 140 Stepping 1, GenuineIntel",2024-08-04 19:24:14,k
Windows,10.0.22631,AMD64,"Intel64 Family 6 Model 140 Stepping 1, GenuineIntel",2024-08-04 19:24:18,k
Windows,10.0.22631,AMD64,"Intel64 Family 6 Model 140 Stepping 1, GenuineIntel",2024-08-04 19:24:19,k
Windows,10.0.22631,AMD64,"Intel64 Family 6 Model 140 Stepping 1, GenuineIntel",2024-08-04 19:24:24,k
Windows,10.0.22631,AMD64,"Intel64 Family 6 Model 140 Stepping 1, GenuineIntel",2024-08-04 19:24:28,k
Windows,10.0.22631,AMD64,"Intel64 Family 6 Model 140 Stepping 1, GenuineIntel",2024-08-04 19:24:29,k
Windows,10.0.22631,AMD64,"Intel64 Family 6 Model 140 Stepping 1, GenuineIntel",2024-08-04 19:24:34,k
Windows,10.0.22631,AMD64,"Intel64 Family 6 Model 140 Stepping 1, GenuineIntel",2024-08-04 19:24:38,k
Windows,10.0.22631,AMD64,"Intel64 Family 6 Model 140 Stepping 1, GenuineIntel",2024-08-04 19:24:39,k
Windows,10.0.22631,AMD64,"Intel64 Family 6 Model 140 Stepping 1, GenuineIntel",2024-08-04 19:24:44,k
Windows,10.0.22631,AMD64,"Intel64 Family 6 Model 140 Stepping 1, GenuineIntel",2024-08-04 19:24:48,k
Windows,10.0.22631,AMD64,"Intel64 Family 6 Model 140 Stepping 1, GenuineIntel",2024-08-04 19:24:49,k
Windows,10.0.22631,AMD64,"Intel64 Family 6 Model 140 Stepping 1, GenuineIntel",2024-08-04 19:24:55,k
Windows,10.0.22631,AMD64,"Intel64 Family 6 Model 140 Stepping 1, GenuineIntel",2024-08-04 19:24:58,k
Windows,10.0.22631,AMD64,"Intel64 Family 6 Model 140 Stepping 1, GenuineIntel",2024-08-04 19:24:59,k
Windows,10.0.22631,AMD64,"Intel64 Family 6 Model 140 Stepping 1, GenuineIntel",2024-08-04 19:25:05,k
Windows,10.0.22631,AMD64,"Intel64 Family 6 Model 140 Stepping 1, GenuineIntel",2024-08-04 19:25:08,k
Windows,10.0.22631,AMD64,"Intel64 Family 6 Model 140 Stepping 1, GenuineIntel",2024-08-04 19:25:09,k
Windows,10.0.22631,AMD64,"Intel64 Family 6 Model 140 Stepping 1, GenuineIntel",2024-08-04 19:25:15,k
Windows,10.0.22631,AMD64,"Intel64 Family 6 Model 140 Stepping 1, GenuineIntel",2024-08-04 19:25:19,k
Windows,10.0.22631,AMD64,"Intel64 Family 6 Model 140 Stepping 1, GenuineIntel",2024-08-04 19:25:19,k
Windows,10.0.22631,AMD64,"Intel64 Family 6 Model 140 Stepping 1, GenuineIntel",2024-08-04 19:25:25,k
Windows,10.0.22631,AMD64,"Intel64 Family 6 Model 140 Stepping 1, GenuineIntel",2024-08-04 19:25:29,k
Windows,10.0.22631,AMD64,"Intel64 Family 6 Model 140 Stepping 1, GenuineIntel",2024-08-04 19:25:29,k
Windows,10.0.22631,AMD64,"Intel64 Family 6 Model 140 Stepping 1, GenuineIntel",2024-08-04 19:25:35,k
Windows,10.0.22631,AMD64,"Intel64 Family 6 Model 140 Stepping 1, GenuineIntel",2024-08-04 19:25:39,k
Windows,10.0.22631,AMD64,"Intel64 Family 6 Model 140 Stepping 1, GenuineIntel",2024-08-04 19:25:39,k
Windows,10.0.22631,AMD64,"Intel64 Family 6 Model 140 Stepping 1, GenuineIntel",2024-08-04 19:25:45,k
Windows,10.0.22631,AMD64,"Intel64 Family 6 Model 140 Stepping 1, GenuineIntel",2024-08-04 19:25:49,k
Windows,10.0.22631,AMD64,"Intel64 Family 6 Model 140 Stepping 1, GenuineIntel",2024-08-04 19:25:49,k
Windows,10.0.22631,AMD64,"Intel64 Family 6 Model 140 Stepping 1, GenuineIntel",2024-08-04 19:25:55,k
Windows,10.0.22631,AMD64,"Intel64 Family 6 Model 140 Stepping 1, GenuineIntel",2024-08-04 19:25:59,k
Windows,10.0.22631,AMD64,"Intel64 Family 6 Model 140 Stepping 1, GenuineIntel",2024-08-04 19:25:59,k
Windows,10.0.22631,AMD64,"Intel64 Family 6 Model 140 Stepping 1, GenuineIntel",2024-08-04 19:26:05,k
Windows,10.0.22631,AMD64,"Intel64 Family 6 Model 140 Stepping 1, GenuineIntel",2024-08-04 19:26:09,k
Windows,10.0.22631,AMD64,"Intel64 Family 6 Model 140 Stepping 1, GenuineIntel",2024-08-04 19:26:09,k
Windows,10.0.22631,AMD64,"Intel64 Family 6 Model 140 Stepping 1, GenuineIntel",2024-08-04 19:26:15,k
Windows,10.0.22631,AMD64,"Intel64 Family 6 Model 140 Stepping 1, GenuineIntel",2024-08-04 19:26:19,k
Windows,10.0.22631,AMD64,"Intel64 Family 6 Model 140 Stepping 1, GenuineIntel",2024-08-04 19:26:19,k
Windows,10.0.22631,AMD64,"Intel64 Family 6 Model 140 Stepping 1, GenuineIntel",2024-08-04 19:26:25,k
Windows,10.0.22631,AMD64,"Intel64 Family 6 Model 140 Stepping 1, GenuineIntel",2024-08-04 19:26:29,k
Windows,10.0.22631,AMD64,"Intel64 Family 6 Model 140 Stepping 1, GenuineIntel",2024-08-04 19:26:29,k
Windows,10.0.22631,AMD64,"Intel64 Family 6 Model 140 Stepping 1, GenuineIntel",2024-08-04 19:26:35,k
Windows,10.0.22631,AMD64,"Intel64 Family 6 Model 140 Stepping 1, GenuineIntel",2024-08-04 19:26:39,k
Windows,10.0.22631,AMD64,"Intel64 Family 6 Model 140 Stepping 1, GenuineIntel",2024-08-04 19:26:39,k
Windows,10.0.22631,AMD64,"Intel64 Family 6 Model 140 Stepping 1, GenuineIntel",2024-08-04 19:26:45,k
Windows,10.0.22631,AMD64,"Intel64 Family 6 Model 140 Stepping 1, GenuineIntel",2024-08-04 19:26:49,k
Windows,10.0.22631,AMD64,"Intel64 Family 6 Model 140 Stepping 1, GenuineIntel",2024-08-04 19:26:49,k
Windows,10.0.22631,AMD64,"Intel64 Family 6 Model 140 Stepping 1, GenuineIntel",2024-08-04 19:26:55,k
Windows,10.0.22631,AMD64,"Intel64 Family 6 Model 140 Stepping 1, GenuineIntel",2024-08-04 19:26:59,k
Windows,10.0.22631,AMD64,"Intel64 Family 6 Model 140 Stepping 1, GenuineIntel",2024-08-04 19:26:59,k
Windows,10.0.22631,AMD64,"Intel64 Family 6 Model 140 Stepping 1, GenuineIntel",2024-08-04 19:27:05,k
Windows,10.0.22631,AMD64,"Intel64 Family 6 Model 140 Stepping 1, GenuineIntel",2024-08-04 19:27:09,k
Windows,10.0.22631,AMD64,"Intel64 Family 6 Model 140 Stepping 1, GenuineIntel",2024-08-04 19:27:09,k
Windows,10.0.22631,AMD64,"Intel64 Family 6 Model 140 Stepping 1, GenuineIntel",2024-08-04 19:27:15,k
Windows,10.0.22631,AMD64,"Intel64 Family 6 Model 140 Stepping 1, GenuineIntel",2024-08-04 19:27:19,k
Windows,10.0.22631,AMD64,"Intel64 Family 6 Model 140 Stepping 1, GenuineIntel",2024-08-04 19:27:19,k
Windows,10.0.22631,AMD64,"Intel64 Family 6 Model 140 Stepping 1, GenuineIntel",2024-08-04 19:27:25,k
Windows,10.0.22631,AMD64,"Intel64 Family 6 Model 140 Stepping 1, GenuineIntel",2024-08-04 19:27:29,k
Windows,10.0.22631,AMD64,"Intel64 Family 6 Model 140 Stepping 1, GenuineIntel",2024-08-04 19:27:48,k
Windows,10.0.22631,AMD64,"Intel64 Family 6 Model 140 Stepping 1, GenuineIntel",2024-08-04 19:27:58,k
Windows,10.0.22631,AMD64,"Intel64 Family 6 Model 140 Stepping 1, GenuineIntel",2024-08-04 19:28:08,k
Windows,10.0.22631,AMD64,"Intel64 Family 6 Model 140 Stepping 1, GenuineIntel",2024-08-04 19:28:18,k
Windows,10.0.22631,AMD64,"Intel64 Family 6 Model 140 Stepping 1, GenuineIntel",2024-08-04 19:28:28,k
Windows,10.0.22631,AMD64,"Intel64 Family 6 Model 140 Stepping 1, GenuineIntel",2024-08-04 19:33:11,k
Windows,10.0.22631,AMD64,"Intel64 Family 6 Model 140 Stepping 1, GenuineIntel",2024-08-04 19:41:21,k
Windows,10.0.22631,AMD64,"Intel64 Family 6 Model 140 Stepping 1, GenuineIntel",2024-08-04 19:41:31,k
Windows,10.0.22631,AMD64,"Intel64 Family 6 Model 140 Stepping 1, GenuineIntel",2024-08-04 19:41:41,k
Windows,10.0.22631,AMD64,"Intel64 Family 6 Model 140 Stepping 1, GenuineIntel",2024-08-04 19:41:51,k
Windows,10.0.22631,AMD64,"Intel64 Family 6 Model 140 Stepping 1, GenuineIntel",2024-08-04 19:42:01,k
Windows,10.0.22631,AMD64,"Intel64 Family 6 Model 140 Stepping 1, GenuineIntel",2024-08-04 19:42:11,k
Windows,10.0.22631,AMD64,"Intel64 Family 6 Model 140 Stepping 1, GenuineIntel",2024-08-04 19:42:21,k
Windows,10.0.22631,AMD64,"Intel64 Family 6 Model 140 Stepping 1, GenuineIntel",2024-08-04 19:42:31,k
Windows,10.0.22631,AMD64,"Intel64 Family 6 Model 140 Stepping 1, GenuineIntel",2024-08-04 19:42:41,k
Windows,10.0.22631,AMD64,"Intel64 Family 6 Model 140 Stepping 1, GenuineIntel",2024-08-04 19:42:51,k
Windows,10.0.22631,AMD64,"Intel64 Family 6 Model 140 Stepping 1, GenuineIntel",2024-08-04 19:43:02,k
Windows,10.0.22631,AMD64,"Intel64 Family 6 Model 140 Stepping 1, GenuineIntel",2024-08-04 19:43:12,k
Windows,10.0.22631,AMD64,"Intel64 Family 6 Model 140 Stepping 1, GenuineIntel",2024-08-04 19:43:22,k
Windows,10.0.22631,AMD64,"Intel64 Family 6 Model 140 Stepping 1, GenuineIntel",2024-08-04 19:43:32,k
Windows,10.0.22631,AMD64,"Intel64 Family 6 Model 140 Stepping 1, GenuineIntel",2024-08-04 19:43:42,k
Windows,10.0.22631,AMD64,"Intel64 Family 6 Model 140 Stepping 1, GenuineIntel",2024-08-04 19:43:52,k
Windows,10.0.22631,AMD64,"Intel64 Family 6 Model 140 Stepping 1, GenuineIntel",2024-08-04 19:44:02,k
Windows,10.0.22631,AMD64,"Intel64 Family 6 Model 140 Stepping 1, GenuineIntel",2024-08-04 19:44:12,k
Windows,10.0.22631,AMD64,"Intel64 Family 6 Model 140 Stepping 1, GenuineIntel",2024-08-04 19:44:22,k
Windows,10.0.22631,AMD64,"Intel64 Family 6 Model 140 Stepping 1, GenuineIntel",2024-08-04 19:44:32,k
Windows,10.0.22631,AMD64,"Intel64 Family 6 Model 140 Stepping 1, GenuineIntel",2024-08-04 19:44:51,k
Windows,10.0.22631,AMD64,"Intel64 Family 6 Model 140 Stepping 1, GenuineIntel",2024-08-04 19:45:01,k
Windows,10.0.22631,AMD64,"Intel64 Family 6 Model 140 Stepping 1, GenuineIntel",2024-08-04 19:45:11,k
Windows,10.0.22631,AMD64,"Intel64 Family 6 Model 140 Stepping 1, GenuineIntel",2024-08-04 19:45:21,k
Windows,10.0.22631,AMD64,"Intel64 Family 6 Model 140 Stepping 1, GenuineIntel",2024-08-04 19:45:37,k
Windows,10.0.22631,AMD64,"Intel64 Family 6 Model 140 Stepping 1, GenuineIntel",2024-08-04 19:45:47,k
Windows,10.0.22631,AMD64,"Intel64 Family 6 Model 140 Stepping 1, GenuineIntel",2024-08-04 19:45:57,k
Windows,10.0.22631,AMD64,"Intel64 Family 6 Model 140 Stepping 1, GenuineIntel",2024-08-04 19:46:07,k
Windows,10.0.22631,AMD64,"Intel64 Family 6 Model 140 Stepping 1, GenuineIntel",2024-08-04 19:46:17,k
Windows,10.0.22631,AMD64,"Intel64 Family 6 Model 140 Stepping 1, GenuineIntel",2024-08-04 19:46:27,k
Windows,10.0.22631,AMD64,"Intel64 Family 6 Model 140 Stepping 1, GenuineIntel",2024-08-04 19:46:37,k
Windows,10.0.22631,AMD64,"Intel64 Family 6 Model 140 Stepping 1, GenuineIntel",2024-08-04 19:46:47,k
Windows,10.0.22631,AMD64,"Intel64 Family 6 Model 140 Stepping 1, GenuineIntel",2024-08-04 19:46:57,k
Windows,10.0.22631,AMD64,"Intel64 Family 6 Model 140 Stepping 1, GenuineIntel",2024-08-04 19:47:07,k
Windows,10.0.22631,AMD64,"Intel64 Family 6 Model 140 Stepping 1, GenuineIntel",2024-08-04 19:47:17,k
Windows,10.0.22631,AMD64,"Intel64 Family 6 Model 140 Stepping 1, GenuineIntel",2024-08-04 19:47:27,k
Windows,10.0.22631,AMD64,"Intel64 Family 6 Model 140 Stepping 1, GenuineIntel",2024-08-04 19:47:37,k
Windows,10.0.22631,AMD64,"Intel64 Family 6 Model 140 Stepping 1, GenuineIntel",2024-08-04 19:47:47,k
Windows,10.0.22631,AMD64,"Intel64 Family 6 Model 140 Stepping 1, GenuineIntel",2024-08-04 19:47:57,k
Windows,10.0.22631,AMD64,"Intel64 Family 6 Model 140 Stepping 1, GenuineIntel",2024-08-04 19:48:07,k
Windows,10.0.22631,AMD64,"Intel64 Family 6 Model 140 Stepping 1, GenuineIntel",2024-08-04 19:48:17,k
Windows,10.0.22631,AMD64,"Intel64 Family 6 Model 140 Stepping 1, GenuineIntel",2024-08-04 19:48:28,k
Windows,10.0.22631,AMD64,"Intel64 Family 6 Model 140 Stepping 1, GenuineIntel",2024-08-04 19:48:38,k
Windows,10.0.22631,AMD64,"Intel64 Family 6 Model 140 Stepping 1, GenuineIntel",2024-08-04 19:48:48,k
Windows,10.0.22631,AMD64,"Intel64 Family 6 Model 140 Stepping 1, GenuineIntel",2024-08-04 19:48:58,k
Windows,10.0.22631,AMD64,"Intel64 Family 6 Model 140 Stepping 1, GenuineIntel",2024-08-04 19:49:08,k
Windows,10.0.22631,AMD64,"Intel64 Family 6 Model 140 Stepping 1, GenuineIntel",2024-08-04 19:49:18,k
Windows,10.0.22631,AMD64,"Intel64 Family 6 Model 140 Stepping 1, GenuineIntel",2024-08-04 19:49:28,k
Windows,10.0.22631,AMD64,"Intel64 Family 6 Model 140 Stepping 1, GenuineIntel",2024-08-04 19:49:38,k
Windows,10.0.22631,AMD64,"Intel64 Family 6 Model 140 Stepping 1, GenuineIntel",2024-08-04 19:49:48,k
Windows,10.0.22631,AMD64,"Intel64 Family 6 Model 140 Stepping 1, GenuineIntel",2024-08-04 19:49:58,k
Windows,10.0.22631,AMD64,"Intel64 Family 6 Model 140 Stepping 1, GenuineIntel",2024-08-04 19:50:08,k
Windows,10.0.22631,AMD64,"Intel64 Family 6 Model 140 Stepping 1, GenuineIntel",2024-08-04 19:50:18,k
Windows,10.0.22631,AMD64,"Intel64 Family 6 Model 140 Stepping 1, GenuineIntel",2024-08-04 19:50:28,k
Windows,10.0.22631,AMD64,"Intel64 Family 6 Model 140 Stepping 1, GenuineIntel",2024-08-04 19:50:38,k
Windows,10.0.22631,AMD64,"Intel64 Family 6 Model 140 Stepping 1, GenuineIntel",2024-08-04 19:50:48,k
Windows,10.0.22631,AMD64,"Intel64 Family 6 Model 140 Stepping 1, GenuineIntel",2024-08-04 19:50:58,k
Windows,10.0.22631,AMD64,"Intel64 Family 6 Model 140 Stepping 1, GenuineIntel",2024-08-04 19:51:08,k
Windows,10.0.22631,AMD64,"Intel64 Family 6 Model 140 Stepping 1, GenuineIntel",2024-08-04 19:51:18,k
Windows,10.0.22631,AMD64,"Intel64 Family 6 Model 140 Stepping 1, GenuineIntel",2024-08-04 19:51:28,k
Windows,10.0.22631,AMD64,"Intel64 Family 6 Model 140 Stepping 1, GenuineIntel",2024-08-04 19:51:38,k
Windows,10.0.22631,AMD64,"Intel64 Family 6 Model 140 Stepping 1, GenuineIntel",2024-08-04 19:51:49,k
Windows,10.0.22631,AMD64,"Intel64 Family 6 Model 140 Stepping 1, GenuineIntel",2024-08-04 19:51:59,k
Windows,10.0.22631,AMD64,"Intel64 Family 6 Model 140 Stepping 1, GenuineIntel",2024-08-04 19:52:09,k
Windows,10.0.22631,AMD64,"Intel64 Family 6 Model 140 Stepping 1, GenuineIntel",2024-08-04 19:52:19,k
Windows,10.0.22631,AMD64,"Intel64 Family 6 Model 140 Stepping 1, GenuineIntel",2024-08-04 19:52:29,k
Windows,10.0.22631,AMD64,"Intel64 Family 6 Model 140 Stepping 1, GenuineIntel",2024-08-04 19:52:39,k
Windows,10.0.22631,AMD64,"Intel64 Family 6 Model 140 Stepping 1, GenuineIntel",2024-08-04 19:52:49,k
Windows,10.0.22631,AMD64,"Intel64 Family 6 Model 140 Stepping 1, GenuineIntel",2024-08-04 19:52:59,k
Windows,10.0.22631,AMD64,"Intel64 Family 6 Model 140 Stepping 1, GenuineIntel",2024-08-04 19:53:09,k
Windows,10.0.22631,AMD64,"Intel64 Family 6 Model 140 Stepping 1, GenuineIntel",2024-08-04 19:53:19,k
Windows,10.0.22631,AMD64,"Intel64 Family 6 Model 140 Stepping 1, GenuineIntel",2024-08-04 19:53:29,k
Windows,10.0.22631,AMD64,"Intel64 Family 6 Model 140 Stepping 1, GenuineIntel",2024-08-04 19:53:39,k
Windows,10.0.22631,AMD64,"Intel64 Family 6 Model 140 Stepping 1, GenuineIntel",2024-08-04 19:53:49,k
Windows,10.0.22631,AMD64,"Intel64 Family 6 Model 140 Stepping 1, GenuineIntel",2024-08-04 19:53:59,k
Windows,10.0.22631,AMD64,"Intel64 Family 6 Model 140 Stepping 1, GenuineIntel",2024-08-04 19:54:09,k
Windows,10.0.22631,AMD64,"Intel64 Family 6 Model 140 Stepping 1, GenuineIntel",2024-08-04 19:54:19,k
Windows,10.0.22631,AMD64,"Intel64 Family 6 Model 140 Stepping 1, GenuineIntel",2024-08-04 19:54:29,k
Windows,10.0.22631,AMD64,"Intel64 Family 6 Model 140 Stepping 1, GenuineIntel",2024-08-04 19:54:39,k
Windows,10.0.22631,AMD64,"Intel64 Family 6 Model 140 Stepping 1, GenuineIntel",2024-08-04 19:54:49,k
Windows,10.0.22631,AMD64,"Intel64 Family 6 Model 140 Stepping 1, GenuineIntel",2024-08-04 19:54:59,k
Windows,10.0.22631,AMD64,"Intel64 Family 6 Model 140 Stepping 1, GenuineIntel",2024-08-04 19:55:10,k
Windows,10.0.22631,AMD64,"Intel64 Family 6 Model 140 Stepping 1, GenuineIntel",2024-08-04 19:55:20,k
Windows,10.0.22631,AMD64,"Intel64 Family 6 Model 140 Stepping 1, GenuineIntel",2024-08-04 19:55:30,k
Windows,10.0.22631,AMD64,"Intel64 Family 6 Model 140 Stepping 1, GenuineIntel",2024-08-04 19:55:40,k
Windows,10.0.22631,AMD64,"Intel64 Family 6 Model 140 Stepping 1, GenuineIntel",2024-08-04 19:55:50,k
Windows,10.0.22631,AMD64,"Intel64 Family 6 Model 140 Stepping 1, GenuineIntel",2024-08-04 19:56:00,k
Windows,10.0.22631,AMD64,"Intel64 Family 6 Model 140 Stepping 1, GenuineIntel",2024-08-04 19:56:10,k
Windows,10.0.22631,AMD64,"Intel64 Family 6 Model 140 Stepping 1, GenuineIntel",2024-08-04 19:56:20,k
Windows,10.0.22631,AMD64,"Intel64 Family 6 Model 140 Stepping 1, GenuineIntel",2024-08-04 19:56:30,k
Windows,10.0.22631,AMD64,"Intel64 Family 6 Model 140 Stepping 1, GenuineIntel",2024-08-04 19:56:40,k
Windows,10.0.22631,AMD64,"Intel64 Family 6 Model 140 Stepping 1, GenuineIntel",2024-08-04 19:56:50,k
Windows,10.0.22631,AMD64,"Intel64 Family 6 Model 140 Stepping 1, GenuineIntel",2024-08-04 19:57:00,k
Windows,10.0.22631,AMD64,"Intel64 Family 6 Model 140 Stepping 1, GenuineIntel",2024-08-04 19:57:10,k
Windows,10.0.22631,AMD64,"Intel64 Family 6 Model 140 Stepping 1, GenuineIntel",2024-08-04 19:57:20,k
Windows,10.0.22631,AMD64,"Intel64 Family 6 Model 140 Stepping 1, GenuineIntel",2024-08-04 19:57:30,k
Windows,10.0.22631,AMD64,"Intel64 Family 6 Model 140 Stepping 1, GenuineIntel",2024-08-04 19:57:40,k
Windows,10.0.22631,AMD64,"Intel64 Family 6 Model 140 Stepping 1, GenuineIntel",2024-08-04 19:57:50,k
Windows,10.0.22631,AMD64,"Intel64 Family 6 Model 140 Stepping 1, GenuineIntel",2024-08-04 19:58:00,k
Windows,10.0.22631,AMD64,"Intel64 Family 6 Model 140 Stepping 1, GenuineIntel",2024-08-04 19:58:10,k
Windows,10.0.22631,AMD64,"Intel64 Family 6 Model 140 Stepping 1, GenuineIntel",2024-08-04 19:58:20,k
Windows,10.0.22631,AMD64,"Intel64 Family 6 Model 140 Stepping 1, GenuineIntel",2024-08-04 19:58:30,k
Windows,10.0.22631,AMD64,"Intel64 Family 6 Model 140 Stepping 1, GenuineIntel",2024-08-04 19:58:40,k
Windows,10.0.22631,AMD64,"Intel64 Family 6 Model 140 Stepping 1, GenuineIntel",2024-08-04 19:58:50,k
Windows,10.0.22631,AMD64,"Intel64 Family 6 Model 140 Stepping 1, GenuineIntel",2024-08-04 19:59:01,k
Windows,10.0.22631,AMD64,"Intel64 Family 6 Model 140 Stepping 1, GenuineIntel",2024-08-04 19:59:11,k
Windows,10.0.22631,AMD64,"Intel64 Family 6 Model 140 Stepping 1, GenuineIntel",2024-08-04 19:59:21,k
Windows,10.0.22631,AMD64,"Intel64 Family 6 Model 140 Stepping 1, GenuineIntel",2024-08-04 19:59:31,k
Windows,10.0.22631,AMD64,"Intel64 Family 6 Model 140 Stepping 1, GenuineIntel",2024-08-04 19:59:41,k
Windows,10.0.22631,AMD64,"Intel64 Family 6 Model 140 Stepping 1, GenuineIntel",2024-08-04 19:59:51,k
Windows,10.0.22631,AMD64,"Intel64 Family 6 Model 140 Stepping 1, GenuineIntel",2024-08-04 20:00:01,k
Windows,10.0.22631,AMD64,"Intel64 Family 6 Model 140 Stepping 1, GenuineIntel",2024-08-04 20:00:11,k
Windows,10.0.22631,AMD64,"Intel64 Family 6 Model 140 Stepping 1, GenuineIntel",2024-08-04 20:00:21,k
Windows,10.0.22631,AMD64,"Intel64 Family 6 Model 140 Stepping 1, GenuineIntel",2024-08-04 20:00:31,k
Windows,10.0.22631,AMD64,"Intel64 Family 6 Model 140 Stepping 1, GenuineIntel",2024-08-04 20:00:41,k
Windows,10.0.22631,AMD64,"Intel64 Family 6 Model 140 Stepping 1, GenuineIntel",2024-08-04 20:00:51,k
Windows,10.0.22631,AMD64,"Intel64 Family 6 Model 140 Stepping 1, GenuineIntel",2024-08-04 20:00:52,k
Windows,10.0.22631,AMD64,"Intel64 Family 6 Model 140 Stepping 1, GenuineIntel",2024-08-04 20:01:01,k
Windows,10.0.22631,AMD64,"Intel64 Family 6 Model 140 Stepping 1, GenuineIntel",2024-08-04 20:01:02,k
Windows,10.0.22631,AMD64,"Intel64 Family 6 Model 140 Stepping 1, GenuineIntel",2024-08-04 20:01:11,k
Windows,10.0.22631,AMD64,"Intel64 Family 6 Model 140 Stepping 1, GenuineIntel",2024-08-04 20:01:12,k
Windows,10.0.22631,AMD64,"Intel64 Family 6 Model 140 Stepping 1, GenuineIntel",2024-08-04 20:01:21,k
Windows,10.0.22631,AMD64,"Intel64 Family 6 Model 140 Stepping 1, GenuineIntel",2024-08-04 20:01:22,k
Windows,10.0.22631,AMD64,"Intel64 Family 6 Model 140 Stepping 1, GenuineIntel",2024-08-04 20:01:31,k
Windows,10.0.22631,AMD64,"Intel64 Family 6 Model 140 Stepping 1, GenuineIntel",2024-08-04 20:01:32,k
Windows,10.0.22631,AMD64,"Intel64 Family 6 Model 140 Stepping 1, GenuineIntel",2024-08-04 20:01:41,k
Windows,10.0.22631,AMD64,"Intel64 Family 6 Model 140 Stepping 1, GenuineIntel",2024-08-04 20:01:42,k
Windows,10.0.22631,AMD64,"Intel64 Family 6 Model 140 Stepping 1, GenuineIntel",2024-08-04 20:01:51,k
Windows,10.0.22631,AMD64,"Intel64 Family 6 Model 140 Stepping 1, GenuineIntel",2024-08-04 20:01:52,k
Windows,10.0.22631,AMD64,"Intel64 Family 6 Model 140 Stepping 1, GenuineIntel",2024-08-04 20:02:01,k
Windows,10.0.22631,AMD64,"Intel64 Family 6 Model 140 Stepping 1, GenuineIntel",2024-08-04 20:02:02,k
Windows,10.0.22631,AMD64,"Intel64 Family 6 Model 140 Stepping 1, GenuineIntel",2024-08-04 20:02:11,k
Windows,10.0.22631,AMD64,"Intel64 Family 6 Model 140 Stepping 1, GenuineIntel",2024-08-04 20:02:12,k
Windows,10.0.22631,AMD64,"Intel64 Family 6 Model 140 Stepping 1, GenuineIntel",2024-08-04 20:02:21,k
Windows,10.0.22631,AMD64,"Intel64 Family 6 Model 140 Stepping 1, GenuineIntel",2024-08-04 20:02:22,k
Windows,10.0.22631,AMD64,"Intel64 Family 6 Model 140 Stepping 1, GenuineIntel",2024-08-04 20:02:31,k
Windows,10.0.22631,AMD64,"Intel64 Family 6 Model 140 Stepping 1, GenuineIntel",2024-08-04 20:02:32,k
Windows,10.0.22631,AMD64,"Intel64 Family 6 Model 140 Stepping 1, GenuineIntel",2024-08-04 20:02:42,k
Windows,10.0.22631,AMD64,"Intel64 Family 6 Model 140 Stepping 1, GenuineIntel",2024-08-04 20:02:42,k
Windows,10.0.22631,AMD64,"Intel64 Family 6 Model 140 Stepping 1, GenuineIntel",2024-08-04 20:02:52,k
Windows,10.0.22631,AMD64,"Intel64 Family 6 Model 140 Stepping 1, GenuineIntel",2024-08-04 20:02:52,k
Windows,10.0.22631,AMD64,"Intel64 Family 6 Model 140 Stepping 1, GenuineIntel",2024-08-04 20:03:02,k
Windows,10.0.22631,AMD64,"Intel64 Family 6 Model 140 Stepping 1, GenuineIntel",2024-08-04 20:03:02,k
Windows,10.0.22631,AMD64,"Intel64 Family 6 Model 140 Stepping 1, GenuineIntel",2024-08-04 20:03:12,k
Windows,10.0.22631,AMD64,"Intel64 Family 6 Model 140 Stepping 1, GenuineIntel",2024-08-04 20:03:12,k
Windows,10.0.22631,AMD64,"Intel64 Family 6 Model 140 Stepping 1, GenuineIntel",2024-08-04 20:03:22,k
Windows,10.0.22631,AMD64,"Intel64 Family 6 Model 140 Stepping 1, GenuineIntel",2024-08-04 20:03:22,k
Windows,10.0.22631,AMD64,"Intel64 Family 6 Model 140 Stepping 1, GenuineIntel",2024-08-04 20:03:32,k
Windows,10.0.22631,AMD64,"Intel64 Family 6 Model 140 Stepping 1, GenuineIntel",2024-08-04 20:03:32,k
Windows,10.0.22631,AMD64,"Intel64 Family 6 Model 140 Stepping 1, GenuineIntel",2024-08-04 20:03:42,k
Windows,10.0.22631,AMD64,"Intel64 Family 6 Model 140 Stepping 1, GenuineIntel",2024-08-04 20:03:42,k
Windows,10.0.22631,AMD64,"Intel64 Family 6 Model 140 Stepping 1, GenuineIntel",2024-08-04 20:03:52,k
Windows,10.0.22631,AMD64,"Intel64 Family 6 Model 140 Stepping 1, GenuineIntel",2024-08-04 20:03:52,k
Windows,10.0.22631,AMD64,"Intel64 Family 6 Model 140 Stepping 1, GenuineIntel",2024-08-04 20:04:02,k
Windows,10.0.22631,AMD64,"Intel64 Family 6 Model 140 Stepping 1, GenuineIntel",2024-08-04 20:04:02,k
Windows,10.0.22631,AMD64,"Intel64 Family 6 Model 140 Stepping 1, GenuineIntel",2024-08-04 20:04:12,k
Windows,10.0.22631,AMD64,"Intel64 Family 6 Model 140 Stepping 1, GenuineIntel",2024-08-04 20:04:12,k
Windows,10.0.22631,AMD64,"Intel64 Family 6 Model 140 Stepping 1, GenuineIntel",2024-08-04 20:04:22,k
Windows,10.0.22631,AMD64,"Intel64 Family 6 Model 140 Stepping 1, GenuineIntel",2024-08-04 20:04:22,k
Windows,10.0.22631,AMD64,"Intel64 Family 6 Model 140 Stepping 1, GenuineIntel",2024-08-04 20:04:32,k
Windows,10.0.22631,AMD64,"Intel64 Family 6 Model 140 Stepping 1, GenuineIntel",2024-08-04 20:04:32,k
Windows,10.0.22631,AMD64,"Intel64 Family 6 Model 140 Stepping 1, GenuineIntel",2024-08-04 20:04:42,k
Windows,10.0.22631,AMD64,"Intel64 Family 6 Model 140 Stepping 1, GenuineIntel",2024-08-04 20:04:42,k
Windows,10.0.22631,AMD64,"Intel64 Family 6 Model 140 Stepping 1, GenuineIntel",2024-08-04 20:04:52,k
Windows,10.0.22631,AMD64,"Intel64 Family 6 Model 140 Stepping 1, GenuineIntel",2024-08-04 20:04:52,k
Windows,10.0.22631,AMD64,"Intel64 Family 6 Model 140 Stepping 1, GenuineIntel",2024-08-04 20:05:02,k
Windows,10.0.22631,AMD64,"Intel64 Family 6 Model 140 Stepping 1, GenuineIntel",2024-08-04 20:05:02,k
Windows,10.0.22631,AMD64,"Intel64 Family 6 Model 140 Stepping 1, GenuineIntel",2024-08-04 20:05:12,k
Windows,10.0.22631,AMD64,"Intel64 Family 6 Model 140 Stepping 1, GenuineIntel",2024-08-04 20:05:13,k
Windows,10.0.22631,AMD64,"Intel64 Family 6 Model 140 Stepping 1, GenuineIntel",2024-08-04 20:05:22,k
Windows,10.0.22631,AMD64,"Intel64 Family 6 Model 140 Stepping 1, GenuineIntel",2024-08-04 20:05:23,k
Windows,10.0.22631,AMD64,"Intel64 Family 6 Model 140 Stepping 1, GenuineIntel",2024-08-04 20:05:32,k
Windows,10.0.22631,AMD64,"Intel64 Family 6 Model 140 Stepping 1, GenuineIntel",2024-08-04 20:05:33,k
Windows,10.0.22631,AMD64,"Intel64 Family 6 Model 140 Stepping 1, GenuineIntel",2024-08-04 20:05:42,k
Windows,10.0.22631,AMD64,"Intel64 Family 6 Model 140 Stepping 1, GenuineIntel",2024-08-04 20:05:43,k
Windows,10.0.22631,AMD64,"Intel64 Family 6 Model 140 Stepping 1, GenuineIntel",2024-08-04 20:05:52,k
Windows,10.0.22631,AMD64,"Intel64 Family 6 Model 140 Stepping 1, GenuineIntel",2024-08-04 20:05:53,k
Windows,10.0.22631,AMD64,"Intel64 Family 6 Model 140 Stepping 1, GenuineIntel",2024-08-04 20:06:02,k
Windows,10.0.22631,AMD64,"Intel64 Family 6 Model 140 Stepping 1, GenuineIntel",2024-08-04 20:06:03,k
Windows,10.0.22631,AMD64,"Intel64 Family 6 Model 140 Stepping 1, GenuineIntel",2024-08-04 20:06:12,k
Windows,10.0.22631,AMD64,"Intel64 Family 6 Model 140 Stepping 1, GenuineIntel",2024-08-04 20:06:13,k
Windows,10.0.22631,AMD64,"Intel64 Family 6 Model 140 Stepping 1, GenuineIntel",2024-08-04 20:06:22,k
Windows,10.0.22631,AMD64,"Intel64 Family 6 Model 140 Stepping 1, GenuineIntel",2024-08-04 20:06:23,k
Windows,10.0.22631,AMD64,"Intel64 Family 6 Model 140 Stepping 1, GenuineIntel",2024-08-04 20:06:32,k
Windows,10.0.22631,AMD64,"Intel64 Family 6 Model 140 Stepping 1, GenuineIntel",2024-08-04 20:06:33,k
Windows,10.0.22631,AMD64,"Intel64 Family 6 Model 140 Stepping 1, GenuineIntel",2024-08-04 20:06:42,k
Windows,10.0.22631,AMD64,"Intel64 Family 6 Model 140 Stepping 1, GenuineIntel",2024-08-04 20:06:43,k
Windows,10.0.22631,AMD64,"Intel64 Family 6 Model 140 Stepping 1, GenuineIntel",2024-08-04 20:06:52,k
Windows,10.0.22631,AMD64,"Intel64 Family 6 Model 140 Stepping 1, GenuineIntel",2024-08-04 20:06:53,k
Windows,10.0.22631,AMD64,"Intel64 Family 6 Model 140 Stepping 1, GenuineIntel",2024-08-04 20:07:02,k
Windows,10.0.22631,AMD64,"Intel64 Family 6 Model 140 Stepping 1, GenuineIntel",2024-08-04 20:07:03,k
Windows,10.0.22631,AMD64,"Intel64 Family 6 Model 140 Stepping 1, GenuineIntel",2024-08-04 20:07:12,k
Windows,10.0.22631,AMD64,"Intel64 Family 6 Model 140 Stepping 1, GenuineIntel",2024-08-04 20:07:13,k
Windows,10.0.22631,AMD64,"Intel64 Family 6 Model 140 Stepping 1, GenuineIntel",2024-08-04 20:07:23,k
Windows,10.0.22631,AMD64,"Intel64 Family 6 Model 140 Stepping 1, GenuineIntel",2024-08-04 20:07:23,k
Windows,10.0.22631,AMD64,"Intel64 Family 6 Model 140 Stepping 1, GenuineIntel",2024-08-04 20:07:33,k
Windows,10.0.22631,AMD64,"Intel64 Family 6 Model 140 Stepping 1, GenuineIntel",2024-08-04 20:07:33,k
Windows,10.0.22631,AMD64,"Intel64 Family 6 Model 140 Stepping 1, GenuineIntel",2024-08-04 20:07:43,k
Windows,10.0.22631,AMD64,"Intel64 Family 6 Model 140 Stepping 1, GenuineIntel",2024-08-04 20:07:43,k
Windows,10.0.22631,AMD64,"Intel64 Family 6 Model 140 Stepping 1, GenuineIntel",2024-08-04 20:07:53,k
Windows,10.0.22631,AMD64,"Intel64 Family 6 Model 140 Stepping 1, GenuineIntel",2024-08-04 20:07:53,k
Windows,10.0.22631,AMD64,"Intel64 Family 6 Model 140 Stepping 1, GenuineIntel",2024-08-04 20:08:03,k
Windows,10.0.22631,AMD64,"Intel64 Family 6 Model 140 Stepping 1, GenuineIntel",2024-08-04 20:08:03,k
Windows,10.0.22631,AMD64,"Intel64 Family 6 Model 140 Stepping 1, GenuineIntel",2024-08-04 20:08:13,k
Windows,10.0.22631,AMD64,"Intel64 Family 6 Model 140 Stepping 1, GenuineIntel",2024-08-04 20:08:13,k
Windows,10.0.22631,AMD64,"Intel64 Family 6 Model 140 Stepping 1, GenuineIntel",2024-08-04 20:08:23,k
Windows,10.0.22631,AMD64,"Intel64 Family 6 Model 140 Stepping 1, GenuineIntel",2024-08-04 20:08:23,k
Windows,10.0.22631,AMD64,"Intel64 Family 6 Model 140 Stepping 1, GenuineIntel",2024-08-04 20:08:33,k
Windows,10.0.22631,AMD64,"Intel64 Family 6 Model 140 Stepping 1, GenuineIntel",2024-08-04 20:08:33,k
Windows,10.0.22631,AMD64,"Intel64 Family 6 Model 140 Stepping 1, GenuineIntel",2024-08-04 20:08:43,k
Windows,10.0.22631,AMD64,"Intel64 Family 6 Model 140 Stepping 1, GenuineIntel",2024-08-04 20:08:43,k
Windows,10.0.22631,AMD64,"Intel64 Family 6 Model 140 Stepping 1, GenuineIntel",2024-08-04 20:08:53,k
Windows,10.0.22631,AMD64,"Intel64 Family 6 Model 140 Stepping 1, GenuineIntel",2024-08-04 20:08:53,k
Windows,10.0.22631,AMD64,"Intel64 Family 6 Model 140 Stepping 1, GenuineIntel",2024-08-04 20:09:03,k
Windows,10.0.22631,AMD64,"Intel64 Family 6 Model 140 Stepping 1, GenuineIntel",2024-08-04 20:09:04,k
Windows,10.0.22631,AMD64,"Intel64 Family 6 Model 140 Stepping 1, GenuineIntel",2024-08-04 20:09:13,k
Windows,10.0.22631,AMD64,"Intel64 Family 6 Model 140 Stepping 1, GenuineIntel",2024-08-04 20:09:14,k
Windows,10.0.22631,AMD64,"Intel64 Family 6 Model 140 Stepping 1, GenuineIntel",2024-08-04 20:09:23,k
Windows,10.0.22631,AMD64,"Intel64 Family 6 Model 140 Stepping 1, GenuineIntel",2024-08-04 20:09:24,k
Windows,10.0.22631,AMD64,"Intel64 Family 6 Model 140 Stepping 1, GenuineIntel",2024-08-04 20:09:33,k
Windows,10.0.22631,AMD64,"Intel64 Family 6 Model 140 Stepping 1, GenuineIntel",2024-08-04 20:09:34,k
Windows,10.0.22631,AMD64,"Intel64 Family 6 Model 140 Stepping 1, GenuineIntel",2024-08-04 20:09:43,k
Windows,10.0.22631,AMD64,"Intel64 Family 6 Model 140 Stepping 1, GenuineIntel",2024-08-04 20:09:44,k
Windows,10.0.22631,AMD64,"Intel64 Family 6 Model 140 Stepping 1, GenuineIntel",2024-08-04 20:09:53,k
Windows,10.0.22631,AMD64,"Intel64 Family 6 Model 140 Stepping 1, GenuineIntel",2024-08-04 20:09:54,k
Windows,10.0.22631,AMD64,"Intel64 Family 6 Model 140 Stepping 1, GenuineIntel",2024-08-04 20:10:03,k
Windows,10.0.22631,AMD64,"Intel64 Family 6 Model 140 Stepping 1, GenuineIntel",2024-08-04 20:10:04,k
Windows,10.0.22631,AMD64,"Intel64 Family 6 Model 140 Stepping 1, GenuineIntel",2024-08-04 20:10:13,k
Windows,10.0.22631,AMD64,"Intel64 Family 6 Model 140 Stepping 1, GenuineIntel",2024-08-04 20:10:14,k
Windows,10.0.22631,AMD64,"Intel64 Family 6 Model 140 Stepping 1, GenuineIntel",2024-08-04 20:10:23,k
Windows,10.0.22631,AMD64,"Intel64 Family 6 Model 140 Stepping 1, GenuineIntel",2024-08-04 20:10:24,k
Windows,10.0.22631,AMD64,"Intel64 Family 6 Model 140 Stepping 1, GenuineIntel",2024-08-04 20:10:34,k
Windows,10.0.22631,AMD64,"Intel64 Family 6 Model 140 Stepping 1, GenuineIntel",2024-08-04 20:10:34,k
Windows,10.0.22631,AMD64,"Intel64 Family 6 Model 140 Stepping 1, GenuineIntel",2024-08-04 20:10:44,k
Windows,10.0.22631,AMD64,"Intel64 Family 6 Model 140 Stepping 1, GenuineIntel",2024-08-04 20:10:44,k
Windows,10.0.22631,AMD64,"Intel64 Family 6 Model 140 Stepping 1, GenuineIntel",2024-08-04 20:10:54,k
Windows,10.0.22631,AMD64,"Intel64 Family 6 Model 140 Stepping 1, GenuineIntel",2024-08-04 20:10:54,k
Windows,10.0.22631,AMD64,"Intel64 Family 6 Model 140 Stepping 1, GenuineIntel",2024-08-04 20:11:04,k
Windows,10.0.22631,AMD64,"Intel64 Family 6 Model 140 Stepping 1, GenuineIntel",2024-08-04 20:11:04,k
Windows,10.0.22631,AMD64,"Intel64 Family 6 Model 140 Stepping 1, GenuineIntel",2024-08-04 20:11:14,k
Windows,10.0.22631,AMD64,"Intel64 Family 6 Model 140 Stepping 1, GenuineIntel",2024-08-04 20:11:14,k
Windows,10.0.22631,AMD64,"Intel64 Family 6 Model 140 Stepping 1, GenuineIntel",2024-08-04 20:11:24,k
Windows,10.0.22631,AMD64,"Intel64 Family 6 Model 140 Stepping 1, GenuineIntel",2024-08-04 20:11:24,k
Windows,10.0.22631,AMD64,"Intel64 Family 6 Model 140 Stepping 1, GenuineIntel",2024-08-04 20:11:34,k
Windows,10.0.22631,AMD64,"Intel64 Family 6 Model 140 Stepping 1, GenuineIntel",2024-08-04 20:11:34,k
Windows,10.0.22631,AMD64,"Intel64 Family 6 Model 140 Stepping 1, GenuineIntel",2024-08-04 20:11:44,k
Windows,10.0.22631,AMD64,"Intel64 Family 6 Model 140 Stepping 1, GenuineIntel",2024-08-04 20:11:44,k
Windows,10.0.22631,AMD64,"Intel64 Family 6 Model 140 Stepping 1, GenuineIntel",2024-08-04 20:11:54,k
Windows,10.0.22631,AMD64,"Intel64 Family 6 Model 140 Stepping 1, GenuineIntel",2024-08-04 20:11:55,k
Windows,10.0.22631,AMD64,"Intel64 Family 6 Model 140 Stepping 1, GenuineIntel",2024-08-04 20:12:04,k
Windows,10.0.22631,AMD64,"Intel64 Family 6 Model 140 Stepping 1, GenuineIntel",2024-08-04 20:12:05,k
Windows,10.0.22631,AMD64,"Intel64 Family 6 Model 140 Stepping 1, GenuineIntel",2024-08-04 20:12:14,k
Windows,10.0.22631,AMD64,"Intel64 Family 6 Model 140 Stepping 1, GenuineIntel",2024-08-04 20:12:15,k
Windows,10.0.22631,AMD64,"Intel64 Family 6 Model 140 Stepping 1, GenuineIntel",2024-08-04 20:12:24,k
Windows,10.0.22631,AMD64,"Intel64 Family 6 Model 140 Stepping 1, GenuineIntel",2024-08-04 20:12:25,k
Windows,10.0.22631,AMD64,"Intel64 Family 6 Model 140 Stepping 1, GenuineIntel",2024-08-04 20:12:34,k
Windows,10.0.22631,AMD64,"Intel64 Family 6 Model 140 Stepping 1, GenuineIntel",2024-08-04 20:12:35,k
Windows,10.0.22631,AMD64,"Intel64 Family 6 Model 140 Stepping 1, GenuineIntel",2024-08-04 20:12:44,k
Windows,10.0.22631,AMD64,"Intel64 Family 6 Model 140 Stepping 1, GenuineIntel",2024-08-04 20:12:45,k
Windows,10.0.22631,AMD64,"Intel64 Family 6 Model 140 Stepping 1, GenuineIntel",2024-08-04 20:12:54,k
Windows,10.0.22631,AMD64,"Intel64 Family 6 Model 140 Stepping 1, GenuineIntel",2024-08-04 20:12:55,k
Windows,10.0.22631,AMD64,"Intel64 Family 6 Model 140 Stepping 1, GenuineIntel",2024-08-04 20:13:04,k
Windows,10.0.22631,AMD64,"Intel64 Family 6 Model 140 Stepping 1, GenuineIntel",2024-08-04 20:13:05,k
Windows,10.0.22631,AMD64,"Intel64 Family 6 Model 140 Stepping 1, GenuineIntel",2024-08-04 20:13:14,k
Windows,10.0.22631,AMD64,"Intel64 Family 6 Model 140 Stepping 1, GenuineIntel",2024-08-04 20:13:15,k
Windows,10.0.22631,AMD64,"Intel64 Family 6 Model 140 Stepping 1, GenuineIntel",2024-08-04 20:13:24,k
Windows,10.0.22631,AMD64,"Intel64 Family 6 Model 140 Stepping 1, GenuineIntel",2024-08-04 20:13:25,k
Windows,10.0.22631,AMD64,"Intel64 Family 6 Model 140 Stepping 1, GenuineIntel",2024-08-04 20:13:34,k
Windows,10.0.22631,AMD64,"Intel64 Family 6 Model 140 Stepping 1, GenuineIntel",2024-08-04 20:13:35,k
Windows,10.0.22631,AMD64,"Intel64 Family 6 Model 140 Stepping 1, GenuineIntel",2024-08-04 20:13:44,k
Windows,10.0.22631,AMD64,"Intel64 Family 6 Model 140 Stepping 1, GenuineIntel",2024-08-04 20:13:45,k
Windows,10.0.22631,AMD64,"Intel64 Family 6 Model 140 Stepping 1, GenuineIntel",2024-08-04 20:13:55,k
Windows,10.0.22631,AMD64,"Intel64 Family 6 Model 140 Stepping 1, GenuineIntel",2024-08-04 20:13:55,k
Windows,10.0.22631,AMD64,"Intel64 Family 6 Model 140 Stepping 1, GenuineIntel",2024-08-04 20:14:05,k
Windows,10.0.22631,AMD64,"Intel64 Family 6 Model 140 Stepping 1, GenuineIntel",2024-08-04 20:14:05,k
Windows,10.0.22631,AMD64,"Intel64 Family 6 Model 140 Stepping 1, GenuineIntel",2024-08-04 20:14:15,k
Windows,10.0.22631,AMD64,"Intel64 Family 6 Model 140 Stepping 1, GenuineIntel",2024-08-04 20:14:15,k
Windows,10.0.22631,AMD64,"Intel64 Family 6 Model 140 Stepping 1, GenuineIntel",2024-08-04 20:14:25,k
Windows,10.0.22631,AMD64,"Intel64 Family 6 Model 140 Stepping 1, GenuineIntel",2024-08-04 20:14:25,k
Windows,10.0.22631,AMD64,"Intel64 Family 6 Model 140 Stepping 1, GenuineIntel",2024-08-04 20:14:35,k
Windows,10.0.22631,AMD64,"Intel64 Family 6 Model 140 Stepping 1, GenuineIntel",2024-08-04 20:14:35,k
Windows,10.0.22631,AMD64,"Intel64 Family 6 Model 140 Stepping 1, GenuineIntel",2024-08-04 20:14:45,k
Windows,10.0.22631,AMD64,"Intel64 Family 6 Model 140 Stepping 1, GenuineIntel",2024-08-04 20:14:45,k
Windows,10.0.22631,AMD64,"Intel64 Family 6 Model 140 Stepping 1, GenuineIntel",2024-08-04 20:14:55,k
Windows,10.0.22631,AMD64,"Intel64 Family 6 Model 140 Stepping 1, GenuineIntel",2024-08-04 20:14:55,k
Windows,10.0.22631,AMD64,"Intel64 Family 6 Model 140 Stepping 1, GenuineIntel",2024-08-04 20:15:05,k
Windows,10.0.22631,AMD64,"Intel64 Family 6 Model 140 Stepping 1, GenuineIntel",2024-08-04 20:15:06,k
Windows,10.0.22631,AMD64,"Intel64 Family 6 Model 140 Stepping 1, GenuineIntel",2024-08-04 20:15:15,k
Windows,10.0.22631,AMD64,"Intel64 Family 6 Model 140 Stepping 1, GenuineIntel",2024-08-04 20:15:16,k
Windows,10.0.22631,AMD64,"Intel64 Family 6 Model 140 Stepping 1, GenuineIntel",2024-08-04 20:15:25,k
Windows,10.0.22631,AMD64,"Intel64 Family 6 Model 140 Stepping 1, GenuineIntel",2024-08-04 20:15:26,k
Windows,10.0.22631,AMD64,"Intel64 Family 6 Model 140 Stepping 1, GenuineIntel",2024-08-04 20:15:35,k
Windows,10.0.22631,AMD64,"Intel64 Family 6 Model 140 Stepping 1, GenuineIntel",2024-08-04 20:15:36,k
Windows,10.0.22631,AMD64,"Intel64 Family 6 Model 140 Stepping 1, GenuineIntel",2024-08-04 20:15:45,k
Windows,10.0.22631,AMD64,"Intel64 Family 6 Model 140 Stepping 1, GenuineIntel",2024-08-04 20:15:46,k
Windows,10.0.22631,AMD64,"Intel64 Family 6 Model 140 Stepping 1, GenuineIntel",2024-08-04 20:15:55,k
Windows,10.0.22631,AMD64,"Intel64 Family 6 Model 140 Stepping 1, GenuineIntel",2024-08-04 20:15:56,k
Windows,10.0.22631,AMD64,"Intel64 Family 6 Model 140 Stepping 1, GenuineIntel",2024-08-04 20:16:05,k
Windows,10.0.22631,AMD64,"Intel64 Family 6 Model 140 Stepping 1, GenuineIntel",2024-08-04 20:16:06,k
Windows,10.0.22631,AMD64,"Intel64 Family 6 Model 140 Stepping 1, GenuineIntel",2024-08-04 20:16:15,k
Windows,10.0.22631,AMD64,"Intel64 Family 6 Model 140 Stepping 1, GenuineIntel",2024-08-04 20:16:16,k
Windows,10.0.22631,AMD64,"Intel64 Family 6 Model 140 Stepping 1, GenuineIntel",2024-08-04 20:16:25,k
Windows,10.0.22631,AMD64,"Intel64 Family 6 Model 140 Stepping 1, GenuineIntel",2024-08-04 20:16:26,k
Windows,10.0.22631,AMD64,"Intel64 Family 6 Model 140 Stepping 1, GenuineIntel",2024-08-04 20:16:35,k
Windows,10.0.22631,AMD64,"Intel64 Family 6 Model 140 Stepping 1, GenuineIntel",2024-08-04 20:16:36,k
Windows,10.0.22631,AMD64,"Intel64 Family 6 Model 140 Stepping 1, GenuineIntel",2024-08-04 20:16:45,k
Windows,10.0.22631,AMD64,"Intel64 Family 6 Model 140 Stepping 1, GenuineIntel",2024-08-04 20:16:46,k
Windows,10.0.22631,AMD64,"Intel64 Family 6 Model 140 Stepping 1, GenuineIntel",2024-08-04 20:16:55,k
Windows,10.0.22631,AMD64,"Intel64 Family 6 Model 140 Stepping 1, GenuineIntel",2024-08-04 20:16:56,k
Windows,10.0.22631,AMD64,"Intel64 Family 6 Model 140 Stepping 1, GenuineIntel",2024-08-04 20:17:06,k
Windows,10.0.22631,AMD64,"Intel64 Family 6 Model 140 Stepping 1, GenuineIntel",2024-08-04 20:17:06,k
Windows,10.0.22631,AMD64,"Intel64 Family 6 Model 140 Stepping 1, GenuineIntel",2024-08-04 20:17:16,k
Windows,10.0.22631,AMD64,"Intel64 Family 6 Model 140 Stepping 1, GenuineIntel",2024-08-04 20:17:16,k
Windows,10.0.22631,AMD64,"Intel64 Family 6 Model 140 Stepping 1, GenuineIntel",2024-08-04 20:17:26,k
Windows,10.0.22631,AMD64,"Intel64 Family 6 Model 140 Stepping 1, GenuineIntel",2024-08-04 20:17:26,k
Windows,10.0.22631,AMD64,"Intel64 Family 6 Model 140 Stepping 1, GenuineIntel",2024-08-04 20:17:36,k
Windows,10.0.22631,AMD64,"Intel64 Family 6 Model 140 Stepping 1, GenuineIntel",2024-08-04 20:17:36,k
Windows,10.0.22631,AMD64,"Intel64 Family 6 Model 140 Stepping 1, GenuineIntel",2024-08-04 20:17:46,k
Windows,10.0.22631,AMD64,"Intel64 Family 6 Model 140 Stepping 1, GenuineIntel",2024-08-04 20:17:46,k
Windows,10.0.22631,AMD64,"Intel64 Family 6 Model 140 Stepping 1, GenuineIntel",2024-08-04 20:17:56,k
Windows,10.0.22631,AMD64,"Intel64 Family 6 Model 140 Stepping 1, GenuineIntel",2024-08-04 20:17:57,k
